<?xml version="1.0"?>
<CAX xmlns="http://www.exchangenetwork.net/schema/CAX/1" xmlns:xsi="http://www.w3.org/2001/XMLSchema-instance" xsi:schemaLocation="http://www.exchangenetwork.net/schema/CAX/1 file:///m:/Public/resources/xmlSchema/coordAssess/20160930%20(final%20version%20based%20on%2020160929%20Windsor%20mod)/index.xsd">
    <RperSTable>
        <RperSRecord>
            <ID>00000000-0000-0000-0000-000000000000</ID>
            <PopID>65535</PopID>
            <PopFit>Multiple</PopFit>
            <PopFitNotes>string</PopFitNotes>
            <SpawnerLocation>stringxxxx</SpawnerLocation>
            <RecruitLocation>stringxxxx</RecruitLocation>
            <BroodYear>2050</BroodYear>
            <RperStype>Smolts per female spawners</RperStype>
            <TRTmethod>Yes</TRTmethod>
            <ContactAgency>Washington Department of Fish and Wildlife</ContactAgency>
            <MethodNumber>255</MethodNumber>
            <RperS>100</RperS>
            <RperSLowerLimit>100</RperSLowerLimit>
            <RperSUpperLimit>100</RperSUpperLimit>
            <RperSAlpha>0.5</RperSAlpha>
            <TotalSpawners>0</TotalSpawners>
            <TotalSpawnersLowerLimit>0</TotalSpawnersLowerLimit>
            <TotalSpawnersUpperLimit>0</TotalSpawnersUpperLimit>
            <TotalSpawnersAlpha>0.5</TotalSpawnersAlpha>
            <HatcherySpawners>0</HatcherySpawners>
            <HatcherySpawnersLowerLimit>0</HatcherySpawnersLowerLimit>
            <HatcherySpawnersUpperLimit>0</HatcherySpawnersUpperLimit>
            <HatcherySpawnersAlpha>0.5</HatcherySpawnersAlpha>
            <Recruits>0</Recruits>
            <RecruitsLowerLimit>0</RecruitsLowerLimit>
            <RecruitsUpperLimit>0</RecruitsUpperLimit>
            <RecruitsAlpha>0.5</RecruitsAlpha>
            <RecruitsMissing>Yes</RecruitsMissing>
            <RecruitsMissingExplanation>string</RecruitsMissingExplanation>
            <HarvestAdj>Not adjusted</HarvestAdj>
            <OceanHarvest>0</OceanHarvest>
            <MainstemHarvest>0</MainstemHarvest>
            <TribHarvest>0</TribHarvest>
            <NOBroodStockRemoved>0</NOBroodStockRemoved>
            <YOY>0</YOY>
            <Age1Juvs>0</Age1Juvs>
            <Age2Juvs>0</Age2Juvs>
            <Age3Juvs>0</Age3Juvs>
            <Age4PlusJuvs>0</Age4PlusJuvs>
            <Age2Adults>0</Age2Adults>
            <Age3Adults>0</Age3Adults>
            <Age4Adults>0</Age4Adults>
            <Age5Adults>0</Age5Adults>
            <Age6Adults>0</Age6Adults>
            <Age7Adults>0</Age7Adults>
            <Age8Adults>0</Age8Adults>
            <Age9Adults>0</Age9Adults>
            <Age10Adults>0</Age10Adults>
            <Age11PlusAdults>0</Age11PlusAdults>
            <ProtMethName>string</ProtMethName>
            <ProtMethURL>string</ProtMethURL>
            <ProtMethDocumentation>string</ProtMethDocumentation>
            <MethodAdjustments>string</MethodAdjustments>
            <Comments>string</Comments>
            <NullRecord>Yes</NullRecord>
            <DataStatus>Final</DataStatus>
            <LastUpdated>2014-01-01T00:00:00</LastUpdated>
            <IndicatorLocation>string</IndicatorLocation>
            <MetricLocation>string</MetricLocation>
            <MeasureLocation>string</MeasureLocation>
            <ContactPersonFirst>string</ContactPersonFirst>
            <ContactPersonLast>string</ContactPersonLast>
            <ContactPhone>string</ContactPhone>
            <ContactEmail>string</ContactEmail>
            <MetaComments>string</MetaComments>
            <SubmitAgency>string</SubmitAgency>
            <RefID>-2147483648</RefID>
            <UpdDate>2014-01-01T00:00:00</UpdDate>
            <DataEntry>string</DataEntry>
            <DataEntryNotes>string</DataEntryNotes>
            <CompilerRecordID>string</CompilerRecordID>
            <Publish>No</Publish>
        </RperSRecord>
    </RperSTable>
</CAX>
