<?xml version="1.0"?>
<CAX xmlns="http://www.exchangenetwork.net/schema/CAX/1" xmlns:xsi="http://www.w3.org/2001/XMLSchema-instance" xsi:schemaLocation="http://www.exchangenetwork.net/schema/CAX/1 file:///m:/Public/resources/xmlSchema/coordAssess/20160930%20(final%20version%20based%20on%2020160929%20Windsor%20mod)/index.xsd">
    <SARTable>
        <SARRecord>
            <ID>00000000-0000-0000-0000-000000000000</ID>
            <PopID>65535</PopID>
            <PopFit>Multiple</PopFit>
            <PopFitNotes>string</PopFitNotes>
            <SmoltLocation>string</SmoltLocation>
            <SmoltLocPTcode>string</SmoltLocPTcode>
            <AdultLocation>string</AdultLocation>
            <SARtype>Named dam to tributary</SARtype>
            <ScopeOfInference>string</ScopeOfInference>
            <OutmigrationYear>2050</OutmigrationYear>
            <TRTmethod>Yes</TRTmethod>
            <ContactAgency>Washington Department of Fish and Wildlife</ContactAgency>
            <MethodNumber>255</MethodNumber>
            <SAR>100</SAR>
            <SARLowerLimit>100</SARLowerLimit>
            <SARUpperLimit>100</SARUpperLimit>
            <SARAlpha>0.5</SARAlpha>
            <ReturnsMissing>Yes</ReturnsMissing>
            <ReturnsMissingExplanation>string</ReturnsMissingExplanation>
            <RearingType>Unknown</RearingType>
            <TSO>0</TSO>
            <TSOLowerLimit>0</TSOLowerLimit>
            <TSOUpperLimit>0</TSOUpperLimit>
            <TSOAlpha>0.5</TSOAlpha>
            <TAR>0</TAR>
            <TARLowerLimit>0</TARLowerLimit>
            <TARUpperLimit>0</TARUpperLimit>
            <TARAlpha>0.5</TARAlpha>
            <ReturnDef>string</ReturnDef>
            <HarvestAdj>Not adjusted</HarvestAdj>
            <OceanHarvest>0</OceanHarvest>
            <MainstemHarvest>0</MainstemHarvest>
            <TribHarvest>0</TribHarvest>
            <BroodStockRemoved>0</BroodStockRemoved>
            <ProtMethName>string</ProtMethName>
            <ProtMethURL>string</ProtMethURL>
            <ProtMethDocumentation>string</ProtMethDocumentation>
            <MethodAdjustments>string</MethodAdjustments>
            <Comments>string</Comments>
            <NullRecord>Yes</NullRecord>
            <DataStatus>Final</DataStatus>
            <LastUpdated>2014-01-01T00:00:00</LastUpdated>
            <IndicatorLocation>string</IndicatorLocation>
            <MetricLocation>string</MetricLocation>
            <MeasureLocation>string</MeasureLocation>
            <ContactPersonFirst>string</ContactPersonFirst>
            <ContactPersonLast>string</ContactPersonLast>
            <ContactPhone>string</ContactPhone>
            <ContactEmail>string</ContactEmail>
            <MetaComments>string</MetaComments>
            <SubmitAgency>string</SubmitAgency>
            <RefID>-2147483648</RefID>
            <UpdDate>2014-01-01T00:00:00</UpdDate>
            <DataEntry>string</DataEntry>
            <DataEntryNotes>string</DataEntryNotes>
            <CompilerRecordID>string</CompilerRecordID>
            <Publish>No</Publish>
        </SARRecord>
    </SARTable>
</CAX>
