<?xml version="1.0"?>
<BroodstockSpawningTable xmlns="http://www.exchangenetwork.net/schema/CAX/2" xmlns:xsi="http://www.w3.org/2001/XMLSchema-instance" xsi:schemaLocation="http://www.exchangenetwork.net/schema/CAX/2 file:///c:/Files/Working/HCAX%20XML%20Schema/2024%20HCAX/0/BroodstockSpawningTable.xsd">
	<BroodstockSpawningRecord>
		<HatcheryProgram>string</HatcheryProgram>
		<HatcheryFacility>string</HatcheryFacility>
		<PrimaryOperator>string</PrimaryOperator>
		<TimeSeriesID>0</TimeSeriesID>
		<CommonName>string</CommonName>
		<Run>string</Run>
		<StockID>0</StockID>
		<Stock>string</Stock>
		<SpawningLocation>string</SpawningLocation>
		<BroodYear>2050</BroodYear>
		<ContactAgy>string</ContactAgy>
		<ContactAgency>Washington Department of Fish and Wildlife</ContactAgency>
		<BroodFemales>0</BroodFemales>
		<BroodMales>0</BroodMales>
		<BroodJacks>0</BroodJacks>
		<HOBFemales>0</HOBFemales>
		<HOBMales>0</HOBMales>
		<HOBJacks>0</HOBJacks>
		<NOBFemales>0</NOBFemales>
		<NOBMales>0</NOBMales>
		<NOBJacks>0</NOBJacks>
		<pHOBIJ>1</pHOBIJ>
		<pHOBEJ>1</pHOBEJ>
		<pNOBIJ>1</pNOBIJ>
		<pNOBEJ>1</pNOBEJ>
		<ProtMethName>string</ProtMethName>
		<ProtMethURL>string</ProtMethURL>
		<ProtMethDocumentation>string</ProtMethDocumentation>
		<MethodAdjustments>string</MethodAdjustments>
		<OtherDataSources>string</OtherDataSources>
		<BPAprojNum>string</BPAprojNum>
		<Comments>string</Comments>
		<NullRecord>Yes</NullRecord>
		<DataStatus>Final</DataStatus>
		<IndicatorLocation>string</IndicatorLocation>
		<MeasureLocation>string</MeasureLocation>
		<ContactPersonFirst>string</ContactPersonFirst>
		<ContactPersonLast>string</ContactPersonLast>
		<ContactPhone>string</ContactPhone>
		<ContactEmail>string</ContactEmail>
		<MetaComments>string</MetaComments>
		<SubmitAgency>string</SubmitAgency>
		<RefID>0</RefID>
		<Citation>string</Citation>
		<CitationURL>string</CitationURL>
		<CompilerRecordID>string</CompilerRecordID>
		<ID>00000000-0000-0000-0000-000000000000</ID>
		<DataSetVersion>string</DataSetVersion>
		<UpdDate>2014-01-01T00:00:00</UpdDate>
		<SNLoadDate>2014-01-01T00:00:00</SNLoadDate>
		<HLI_LastUpdated>2014-01-01T00:00:00</HLI_LastUpdated>
		<LastUpdated>2014-01-01T00:00:00</LastUpdated>
		<LastModifiedOn>2014-01-01T00:00:00</LastModifiedOn>
	</BroodstockSpawningRecord>
	<BroodstockSpawningRecord>
		<HatcheryProgram>string</HatcheryProgram>
		<HatcheryFacility>string</HatcheryFacility>
		<PrimaryOperator>string</PrimaryOperator>
		<TimeSeriesID>0</TimeSeriesID>
		<CommonName>string</CommonName>
		<Run>string</Run>
		<StockID>0</StockID>
		<Stock>string</Stock>
		<SpawningLocation>string</SpawningLocation>
		<BroodYear>2050</BroodYear>
		<ContactAgy>string</ContactAgy>
		<ContactAgency>Washington Department of Fish and Wildlife</ContactAgency>
		<BroodFemales>0</BroodFemales>
		<BroodMales>0</BroodMales>
		<BroodJacks>0</BroodJacks>
		<HOBFemales>0</HOBFemales>
		<HOBMales>0</HOBMales>
		<HOBJacks>0</HOBJacks>
		<NOBFemales>0</NOBFemales>
		<NOBMales>0</NOBMales>
		<NOBJacks>0</NOBJacks>
		<pHOBIJ>1</pHOBIJ>
		<pHOBEJ>1</pHOBEJ>
		<pNOBIJ>1</pNOBIJ>
		<pNOBEJ>1</pNOBEJ>
		<ProtMethName>string</ProtMethName>
		<ProtMethURL>string</ProtMethURL>
		<ProtMethDocumentation>string</ProtMethDocumentation>
		<MethodAdjustments>string</MethodAdjustments>
		<OtherDataSources>string</OtherDataSources>
		<BPAprojNum>string</BPAprojNum>
		<Comments>string</Comments>
		<NullRecord>Yes</NullRecord>
		<DataStatus>Final</DataStatus>
		<IndicatorLocation>string</IndicatorLocation>
		<MeasureLocation>string</MeasureLocation>
		<ContactPersonFirst>string</ContactPersonFirst>
		<ContactPersonLast>string</ContactPersonLast>
		<ContactPhone>string</ContactPhone>
		<ContactEmail>string</ContactEmail>
		<MetaComments>string</MetaComments>
		<SubmitAgency>string</SubmitAgency>
		<RefID>0</RefID>
		<Citation>string</Citation>
		<CitationURL>string</CitationURL>
		<CompilerRecordID>string</CompilerRecordID>
		<ID>00000000-0000-0000-0000-000000000000</ID>
		<DataSetVersion>string</DataSetVersion>
		<UpdDate>2014-01-01T00:00:00</UpdDate>
		<SNLoadDate>2014-01-01T00:00:00</SNLoadDate>
		<HLI_LastUpdated>2014-01-01T00:00:00</HLI_LastUpdated>
		<LastUpdated>2014-01-01T00:00:00</LastUpdated>
		<LastModifiedOn>2014-01-01T00:00:00</LastModifiedOn>
	</BroodstockSpawningRecord>
</BroodstockSpawningTable>