<?xml version="1.0"?>
<HatcheryReturnsTable xmlns="http://www.exchangenetwork.net/schema/CAX/2" xmlns:xsi="http://www.w3.org/2001/XMLSchema-instance" xsi:schemaLocation="http://www.exchangenetwork.net/schema/CAX/2 file:///c:/Files/Working/HCAX%20XML%20Schema/2024%20HCAX/0/HatcheryReturnsTable.xsd">
	<HatcheryReturnsRecord>
		<HatcheryProgram>string</HatcheryProgram>
		<HatcheryFacility>string</HatcheryFacility>
		<PrimaryOperator>string</PrimaryOperator>
		<TimeSeriesID>0</TimeSeriesID>
		<CommonName>string</CommonName>
		<Run>string</Run>
		<StockID>0</StockID>
		<Stock>string</Stock>
		<AffiliatedPopulation>string</AffiliatedPopulation>
		<ReturnLocation>string</ReturnLocation>
		<ReturnLong>-1E4</ReturnLong>
		<ReturnLat>-1E4</ReturnLat>
		<ReturnYear>2050</ReturnYear>
		<ContactAgy>string</ContactAgy>
		<ContactAgency>Washington Department of Fish and Wildlife</ContactAgency>
		<TotalReturn>0</TotalReturn>
		<HatcheryTotal>0</HatcheryTotal>
		<StrayTotal>0</StrayTotal>
		<UnmarkedTotal>0</UnmarkedTotal>
		<NaturalTotal>0</NaturalTotal>
		<HatcheryFemales>0</HatcheryFemales>
		<HatcheryMales>0</HatcheryMales>
		<HatcheryJacks>0</HatcheryJacks>
		<HatcheryJennies>0</HatcheryJennies>
		<HatcheryUnknown>0</HatcheryUnknown>
		<StrayFemales>0</StrayFemales>
		<StrayMales>0</StrayMales>
		<StrayJacks>0</StrayJacks>
		<StrayJennies>0</StrayJennies>
		<StrayUnknown>0</StrayUnknown>
		<UnmarkedFemales>0</UnmarkedFemales>
		<UnmarkedMales>0</UnmarkedMales>
		<UnmarkedJacks>0</UnmarkedJacks>
		<UnmarkedJennies>0</UnmarkedJennies>
		<UnmarkedUnknown>0</UnmarkedUnknown>
		<ProtMethName>string</ProtMethName>
		<ProtMethURL>string</ProtMethURL>
		<ProtMethDocumentation>string</ProtMethDocumentation>
		<MethodAdjustments>string</MethodAdjustments>
		<OtherDataSources>string</OtherDataSources>
		<BPAprojNum>string</BPAprojNum>
		<Comments>string</Comments>
		<NullRecord>Yes</NullRecord>
		<DataStatus>Final</DataStatus>
		<IndicatorLocation>string</IndicatorLocation>
		<MeasureLocation>string</MeasureLocation>
		<ContactPersonFirst>string</ContactPersonFirst>
		<ContactPersonLast>string</ContactPersonLast>
		<ContactPhone>string</ContactPhone>
		<ContactEmail>string</ContactEmail>
		<MetaComments>string</MetaComments>
		<SubmitAgency>string</SubmitAgency>
		<RefID>0</RefID>
		<Citation>string</Citation>
		<CitationURL>string</CitationURL>
		<CompilerRecordID>string</CompilerRecordID>
		<ID>00000000-0000-0000-0000-000000000000</ID>
		<Publish>No</Publish>
		<DataSetVersion>string</DataSetVersion>
		<UpdDate>2014-01-01T00:00:00</UpdDate>
		<SNLoadDate>2014-01-01T00:00:00</SNLoadDate>
		<HLI_LastUpdated>2014-01-01T00:00:00</HLI_LastUpdated>
		<LastUpdated>2014-01-01T00:00:00</LastUpdated>
		<LastModifiedOn>2014-01-01T00:00:00</LastModifiedOn>
	</HatcheryReturnsRecord>
	<HatcheryReturnsRecord>
		<HatcheryProgram>string</HatcheryProgram>
		<HatcheryFacility>string</HatcheryFacility>
		<PrimaryOperator>string</PrimaryOperator>
		<TimeSeriesID>0</TimeSeriesID>
		<CommonName>string</CommonName>
		<Run>string</Run>
		<StockID>0</StockID>
		<Stock>string</Stock>
		<AffiliatedPopulation>string</AffiliatedPopulation>
		<ReturnLocation>string</ReturnLocation>
		<ReturnLong>-1E4</ReturnLong>
		<ReturnLat>-1E4</ReturnLat>
		<ReturnYear>2050</ReturnYear>
		<ContactAgy>string</ContactAgy>
		<ContactAgency>Washington Department of Fish and Wildlife</ContactAgency>
		<TotalReturn>0</TotalReturn>
		<HatcheryTotal>0</HatcheryTotal>
		<StrayTotal>0</StrayTotal>
		<UnmarkedTotal>0</UnmarkedTotal>
		<NaturalTotal>0</NaturalTotal>
		<HatcheryFemales>0</HatcheryFemales>
		<HatcheryMales>0</HatcheryMales>
		<HatcheryJacks>0</HatcheryJacks>
		<HatcheryJennies>0</HatcheryJennies>
		<HatcheryUnknown>0</HatcheryUnknown>
		<StrayFemales>0</StrayFemales>
		<StrayMales>0</StrayMales>
		<StrayJacks>0</StrayJacks>
		<StrayJennies>0</StrayJennies>
		<StrayUnknown>0</StrayUnknown>
		<UnmarkedFemales>0</UnmarkedFemales>
		<UnmarkedMales>0</UnmarkedMales>
		<UnmarkedJacks>0</UnmarkedJacks>
		<UnmarkedJennies>0</UnmarkedJennies>
		<UnmarkedUnknown>0</UnmarkedUnknown>
		<ProtMethName>string</ProtMethName>
		<ProtMethURL>string</ProtMethURL>
		<ProtMethDocumentation>string</ProtMethDocumentation>
		<MethodAdjustments>string</MethodAdjustments>
		<OtherDataSources>string</OtherDataSources>
		<BPAprojNum>string</BPAprojNum>
		<Comments>string</Comments>
		<NullRecord>Yes</NullRecord>
		<DataStatus>Final</DataStatus>
		<IndicatorLocation>string</IndicatorLocation>
		<MeasureLocation>string</MeasureLocation>
		<ContactPersonFirst>string</ContactPersonFirst>
		<ContactPersonLast>string</ContactPersonLast>
		<ContactPhone>string</ContactPhone>
		<ContactEmail>string</ContactEmail>
		<MetaComments>string</MetaComments>
		<SubmitAgency>string</SubmitAgency>
		<RefID>0</RefID>
		<Citation>string</Citation>
		<CitationURL>string</CitationURL>
		<CompilerRecordID>string</CompilerRecordID>
		<ID>00000000-0000-0000-0000-000000000000</ID>
		<Publish>No</Publish>
		<DataSetVersion>string</DataSetVersion>
		<UpdDate>2014-01-01T00:00:00</UpdDate>
		<SNLoadDate>2014-01-01T00:00:00</SNLoadDate>
		<HLI_LastUpdated>2014-01-01T00:00:00</HLI_LastUpdated>
		<LastUpdated>2014-01-01T00:00:00</LastUpdated>
		<LastModifiedOn>2014-01-01T00:00:00</LastModifiedOn>
	</HatcheryReturnsRecord>
</HatcheryReturnsTable>