<?xml version="1.0"?>
<HatcheryReleasesTable xmlns="http://www.exchangenetwork.net/schema/CAX/2" xmlns:xsi="http://www.w3.org/2001/XMLSchema-instance" xsi:schemaLocation="http://www.exchangenetwork.net/schema/CAX/2 file:///c:/Files/Working/HCAX%20XML%20Schema/2024%20HCAX/0/HatcheryReleasesTable.xsd">
	<HatcheryReleasesRecord>
		<HatcheryProgram>string</HatcheryProgram>
		<HatcheryFacility>string</HatcheryFacility>
		<PrimaryOperator>string</PrimaryOperator>
		<TimeSeriesID>0</TimeSeriesID>
		<CommonName>string</CommonName>
		<Run>string</Run>
		<StockID>0</StockID>
		<Stock>string</Stock>
		<AffiliatedPopulation>string</AffiliatedPopulation>
		<ReleaseRegion>string</ReleaseRegion>
		<ReleaseHUC_8>string</ReleaseHUC_8>
		<ReleaseLocation>string</ReleaseLocation>
		<ReleaseLong>-1E4</ReleaseLong>
		<ReleaseLat>-1E4</ReleaseLat>
		<BroodYear>2050</BroodYear>
		<ReleaseYear>2050</ReleaseYear>
		<ReleaseSeason>string</ReleaseSeason>
		<ReleaseStartDate>2050-01-01</ReleaseStartDate>
		<ReleaseEndDate>2050-01-01</ReleaseEndDate>
		<ReleaseStrategy>Not specified</ReleaseStrategy>
		<LifeStage>Unknown</LifeStage>
		<ContactAgy>string</ContactAgy>
		<ContactAgency>Washington Department of Fish and Wildlife</ContactAgency>
		<NumberReleased>0</NumberReleased>
		<AvgLength>0</AvgLength>
		<LengthType>string</LengthType>
		<AvgWeight>-1E4</AvgWeight>
		<FishPerPound>-1E4</FishPerPound>
		<ProtMethName>string</ProtMethName>
		<ProtMethURL>string</ProtMethURL>
		<ProtMethDocumentation>string</ProtMethDocumentation>
		<MethodAdjustments>string</MethodAdjustments>
		<OtherDataSources>string</OtherDataSources>
		<BPAprojNum>string</BPAprojNum>
		<Comments>string</Comments>
		<NullRecord>Yes</NullRecord>
		<DataStatus>Final</DataStatus>
		<IndicatorLocation>string</IndicatorLocation>
		<MeasureLocation>string</MeasureLocation>
		<ContactPersonFirst>string</ContactPersonFirst>
		<ContactPersonLast>string</ContactPersonLast>
		<ContactPhone>string</ContactPhone>
		<ContactEmail>string</ContactEmail>
		<MetaComments>string</MetaComments>
		<SubmitAgency>string</SubmitAgency>
		<RefID>0</RefID>
		<Citation>string</Citation>
		<CitationURL>string</CitationURL>
		<CompilerRecordID>string</CompilerRecordID>
		<ID>00000000-0000-0000-0000-000000000000</ID>
		<DataSetVersion>string</DataSetVersion>
		<UpdDate>2014-01-01T00:00:00</UpdDate>
		<SNLoadDate>2014-01-01T00:00:00</SNLoadDate>
		<HLI_LastUpdated>2014-01-01T00:00:00</HLI_LastUpdated>
		<LastUpdated>2014-01-01T00:00:00</LastUpdated>
		<LastModifiedOn>2014-01-01T00:00:00</LastModifiedOn>
	</HatcheryReleasesRecord>
	<HatcheryReleasesRecord>
		<HatcheryProgram>string</HatcheryProgram>
		<HatcheryFacility>string</HatcheryFacility>
		<PrimaryOperator>string</PrimaryOperator>
		<TimeSeriesID>0</TimeSeriesID>
		<CommonName>string</CommonName>
		<Run>string</Run>
		<StockID>0</StockID>
		<Stock>string</Stock>
		<AffiliatedPopulation>string</AffiliatedPopulation>
		<ReleaseRegion>string</ReleaseRegion>
		<ReleaseHUC_8>string</ReleaseHUC_8>
		<ReleaseLocation>string</ReleaseLocation>
		<ReleaseLong>-1E4</ReleaseLong>
		<ReleaseLat>-1E4</ReleaseLat>
		<BroodYear>2050</BroodYear>
		<ReleaseYear>2050</ReleaseYear>
		<ReleaseSeason>string</ReleaseSeason>
		<ReleaseStartDate>2050-01-01</ReleaseStartDate>
		<ReleaseEndDate>2050-01-01</ReleaseEndDate>
		<ReleaseStrategy>Not specified</ReleaseStrategy>
		<LifeStage>Unknown</LifeStage>
		<ContactAgy>string</ContactAgy>
		<ContactAgency>Washington Department of Fish and Wildlife</ContactAgency>
		<NumberReleased>0</NumberReleased>
		<AvgLength>0</AvgLength>
		<LengthType>string</LengthType>
		<AvgWeight>-1E4</AvgWeight>
		<FishPerPound>-1E4</FishPerPound>
		<ProtMethName>string</ProtMethName>
		<ProtMethURL>string</ProtMethURL>
		<ProtMethDocumentation>string</ProtMethDocumentation>
		<MethodAdjustments>string</MethodAdjustments>
		<OtherDataSources>string</OtherDataSources>
		<BPAprojNum>string</BPAprojNum>
		<Comments>string</Comments>
		<NullRecord>Yes</NullRecord>
		<DataStatus>Final</DataStatus>
		<IndicatorLocation>string</IndicatorLocation>
		<MeasureLocation>string</MeasureLocation>
		<ContactPersonFirst>string</ContactPersonFirst>
		<ContactPersonLast>string</ContactPersonLast>
		<ContactPhone>string</ContactPhone>
		<ContactEmail>string</ContactEmail>
		<MetaComments>string</MetaComments>
		<SubmitAgency>string</SubmitAgency>
		<RefID>0</RefID>
		<Citation>string</Citation>
		<CitationURL>string</CitationURL>
		<CompilerRecordID>string</CompilerRecordID>
		<ID>00000000-0000-0000-0000-000000000000</ID>
		<DataSetVersion>string</DataSetVersion>
		<UpdDate>2014-01-01T00:00:00</UpdDate>
		<SNLoadDate>2014-01-01T00:00:00</SNLoadDate>
		<HLI_LastUpdated>2014-01-01T00:00:00</HLI_LastUpdated>
		<LastUpdated>2014-01-01T00:00:00</LastUpdated>
		<LastModifiedOn>2014-01-01T00:00:00</LastModifiedOn>
	</HatcheryReleasesRecord>
</HatcheryReleasesTable>