<?xml version="1.0"?>
<CAX xmlns="http://www.exchangenetwork.net/schema/CAX/2" xmlns:xsi="http://www.w3.org/2001/XMLSchema-instance" xsi:schemaLocation="http://www.exchangenetwork.net/schema/CAX/2 file:///c:/Files/Working/HCAX%20XML%20Schema/2024%20HCAX/index.xsd">
	<NOSATable>
		<NOSARecord>
			<ID>00000000-0000-0000-0000-000000000000</ID>
			<TimeSeriesID>0</TimeSeriesID>
			<CommonName>string</CommonName>
			<Run>string</Run>
			<RecoveryDomain>Southern Oregon/Northern California Coast</RecoveryDomain>
			<ESU_DPS>string</ESU_DPS>
			<MajorPopGroup>string</MajorPopGroup>
			<PopID>65535</PopID>
			<CommonPopName>string</CommonPopName>
			<PopFit>Multiple</PopFit>
			<PopFitNotes>string</PopFitNotes>
			<EstimateType>Escapement</EstimateType>
			<WaterBody>string</WaterBody>
			<EscapementLong>-1E4</EscapementLong>
			<EscapementLat>-1E4</EscapementLat>
			<SpawningYear>2050</SpawningYear>
			<EscapementTiming>string</EscapementTiming>
			<ContactAgency>Washington Department of Fish and Wildlife</ContactAgency>
			<MethodNumber>255</MethodNumber>
			<BestValue>Not specified</BestValue>
			<NOSAIJ>0</NOSAIJ>
			<NOSAIJLowerLimit>0</NOSAIJLowerLimit>
			<NOSAIJUpperLimit>0</NOSAIJUpperLimit>
			<NOSAIJAlpha>0.5</NOSAIJAlpha>
			<NOSAEJ>0</NOSAEJ>
			<NOSAEJLowerLimit>0</NOSAEJLowerLimit>
			<NOSAEJUpperLimit>0</NOSAEJUpperLimit>
			<NOSAEJAlpha>0.5</NOSAEJAlpha>
			<NOBroodStockRemoved>0</NOBroodStockRemoved>
			<pHOSij>1</pHOSij>
			<pHOSijLowerLimit>1</pHOSijLowerLimit>
			<pHOSijUpperLimit>1</pHOSijUpperLimit>
			<pHOSijAlpha>0.5</pHOSijAlpha>
			<pHOSej>1</pHOSej>
			<pHOSejLowerLimit>1</pHOSejLowerLimit>
			<pHOSejUpperLimit>1</pHOSejUpperLimit>
			<pHOSejAlpha>0.5</pHOSejAlpha>
			<NOSJF>1</NOSJF>
			<NOSJFLowerLimit>1</NOSJFLowerLimit>
			<NOSJFUpperLimit>1</NOSJFUpperLimit>
			<NOSJFAlpha>0.5</NOSJFAlpha>
			<HOSJF>1</HOSJF>
			<TSAIJ>0</TSAIJ>
			<TSAIJLowerLimit>0</TSAIJLowerLimit>
			<TSAIJUpperLimit>0</TSAIJUpperLimit>
			<TSAIJAlpha>0.5</TSAIJAlpha>
			<TSAEJ>0</TSAEJ>
			<TSAEJLowerLimit>0</TSAEJLowerLimit>
			<TSAEJUpperLimit>0</TSAEJUpperLimit>
			<TSAEJAlpha>0.5</TSAEJAlpha>
			<Age2Prop>1</Age2Prop>
			<Age2PropLowerLimit>1</Age2PropLowerLimit>
			<Age2PropUpperLimit>1</Age2PropUpperLimit>
			<Age3Prop>1</Age3Prop>
			<Age3PropLowerLimit>1</Age3PropLowerLimit>
			<Age3PropUpperLimit>1</Age3PropUpperLimit>
			<Age4Prop>1</Age4Prop>
			<Age4PropLowerLimit>1</Age4PropLowerLimit>
			<Age4PropUpperLimit>1</Age4PropUpperLimit>
			<Age5Prop>1</Age5Prop>
			<Age5PropLowerLimit>1</Age5PropLowerLimit>
			<Age5PropUpperLimit>1</Age5PropUpperLimit>
			<Age6Prop>1</Age6Prop>
			<Age6PropLowerLimit>1</Age6PropLowerLimit>
			<Age6PropUpperLimit>1</Age6PropUpperLimit>
			<Age7Prop>1</Age7Prop>
			<Age7PropLowerLimit>1</Age7PropLowerLimit>
			<Age7PropUpperLimit>1</Age7PropUpperLimit>
			<Age8Prop>1</Age8Prop>
			<Age8PropLowerLimit>1</Age8PropLowerLimit>
			<Age8PropUpperLimit>1</Age8PropUpperLimit>
			<Age9Prop>1</Age9Prop>
			<Age9PropLowerLimit>1</Age9PropLowerLimit>
			<Age9PropUpperLimit>1</Age9PropUpperLimit>
			<Age10Prop>1</Age10Prop>
			<Age10PropLowerLimit>1</Age10PropLowerLimit>
			<Age10PropUpperLimit>1</Age10PropUpperLimit>
			<Age11PlusProp>1</Age11PlusProp>
			<Age11PlusPropLowerLimit>1</Age11PlusPropLowerLimit>
			<Age11PlusPropUpperLimit>1</Age11PlusPropUpperLimit>
			<AgePropAlpha>0.5</AgePropAlpha>
			<ProtMethName>string</ProtMethName>
			<ProtMethURL>string</ProtMethURL>
			<ProtMethDocumentation>string</ProtMethDocumentation>
			<MethodAdjustments>string</MethodAdjustments>
			<OtherDataSources>string</OtherDataSources>
			<Comments>string</Comments>
			<NullRecord>Yes</NullRecord>
			<DataStatus>Final</DataStatus>
			<IndicatorLocation>string</IndicatorLocation>
			<MetricLocation>string</MetricLocation>
			<MeasureLocation>string</MeasureLocation>
			<ContactPersonFirst>string</ContactPersonFirst>
			<ContactPersonLast>string</ContactPersonLast>
			<ContactPhone>string</ContactPhone>
			<ContactEmail>string</ContactEmail>
			<MetaComments>string</MetaComments>
			<SubmitAgency>string</SubmitAgency>
			<RefID>0</RefID>
			<UpdDate>2014-01-01T00:00:00</UpdDate>
			<DataEntry>string</DataEntry>
			<DataEntryNotes>string</DataEntryNotes>
			<CompilerRecordID>string</CompilerRecordID>
			<Publish>No</Publish>
		</NOSARecord>
		<NOSARecord>
			<ID>00000000-0000-0000-0000-000000000000</ID>
			<TimeSeriesID>0</TimeSeriesID>
			<CommonName>string</CommonName>
			<Run>string</Run>
			<RecoveryDomain>Southern Oregon/Northern California Coast</RecoveryDomain>
			<ESU_DPS>string</ESU_DPS>
			<MajorPopGroup>string</MajorPopGroup>
			<PopID>65535</PopID>
			<CommonPopName>string</CommonPopName>
			<PopFit>Multiple</PopFit>
			<PopFitNotes>string</PopFitNotes>
			<EstimateType>Escapement</EstimateType>
			<WaterBody>string</WaterBody>
			<EscapementLong>-1E4</EscapementLong>
			<EscapementLat>-1E4</EscapementLat>
			<SpawningYear>2050</SpawningYear>
			<EscapementTiming>string</EscapementTiming>
			<ContactAgency>Washington Department of Fish and Wildlife</ContactAgency>
			<MethodNumber>255</MethodNumber>
			<BestValue>Not specified</BestValue>
			<NOSAIJ>0</NOSAIJ>
			<NOSAIJLowerLimit>0</NOSAIJLowerLimit>
			<NOSAIJUpperLimit>0</NOSAIJUpperLimit>
			<NOSAIJAlpha>0.5</NOSAIJAlpha>
			<NOSAEJ>0</NOSAEJ>
			<NOSAEJLowerLimit>0</NOSAEJLowerLimit>
			<NOSAEJUpperLimit>0</NOSAEJUpperLimit>
			<NOSAEJAlpha>0.5</NOSAEJAlpha>
			<NOBroodStockRemoved>0</NOBroodStockRemoved>
			<pHOSij>1</pHOSij>
			<pHOSijLowerLimit>1</pHOSijLowerLimit>
			<pHOSijUpperLimit>1</pHOSijUpperLimit>
			<pHOSijAlpha>0.5</pHOSijAlpha>
			<pHOSej>1</pHOSej>
			<pHOSejLowerLimit>1</pHOSejLowerLimit>
			<pHOSejUpperLimit>1</pHOSejUpperLimit>
			<pHOSejAlpha>0.5</pHOSejAlpha>
			<NOSJF>1</NOSJF>
			<NOSJFLowerLimit>1</NOSJFLowerLimit>
			<NOSJFUpperLimit>1</NOSJFUpperLimit>
			<NOSJFAlpha>0.5</NOSJFAlpha>
			<HOSJF>1</HOSJF>
			<TSAIJ>0</TSAIJ>
			<TSAIJLowerLimit>0</TSAIJLowerLimit>
			<TSAIJUpperLimit>0</TSAIJUpperLimit>
			<TSAIJAlpha>0.5</TSAIJAlpha>
			<TSAEJ>0</TSAEJ>
			<TSAEJLowerLimit>0</TSAEJLowerLimit>
			<TSAEJUpperLimit>0</TSAEJUpperLimit>
			<TSAEJAlpha>0.5</TSAEJAlpha>
			<Age2Prop>1</Age2Prop>
			<Age2PropLowerLimit>1</Age2PropLowerLimit>
			<Age2PropUpperLimit>1</Age2PropUpperLimit>
			<Age3Prop>1</Age3Prop>
			<Age3PropLowerLimit>1</Age3PropLowerLimit>
			<Age3PropUpperLimit>1</Age3PropUpperLimit>
			<Age4Prop>1</Age4Prop>
			<Age4PropLowerLimit>1</Age4PropLowerLimit>
			<Age4PropUpperLimit>1</Age4PropUpperLimit>
			<Age5Prop>1</Age5Prop>
			<Age5PropLowerLimit>1</Age5PropLowerLimit>
			<Age5PropUpperLimit>1</Age5PropUpperLimit>
			<Age6Prop>1</Age6Prop>
			<Age6PropLowerLimit>1</Age6PropLowerLimit>
			<Age6PropUpperLimit>1</Age6PropUpperLimit>
			<Age7Prop>1</Age7Prop>
			<Age7PropLowerLimit>1</Age7PropLowerLimit>
			<Age7PropUpperLimit>1</Age7PropUpperLimit>
			<Age8Prop>1</Age8Prop>
			<Age8PropLowerLimit>1</Age8PropLowerLimit>
			<Age8PropUpperLimit>1</Age8PropUpperLimit>
			<Age9Prop>1</Age9Prop>
			<Age9PropLowerLimit>1</Age9PropLowerLimit>
			<Age9PropUpperLimit>1</Age9PropUpperLimit>
			<Age10Prop>1</Age10Prop>
			<Age10PropLowerLimit>1</Age10PropLowerLimit>
			<Age10PropUpperLimit>1</Age10PropUpperLimit>
			<Age11PlusProp>1</Age11PlusProp>
			<Age11PlusPropLowerLimit>1</Age11PlusPropLowerLimit>
			<Age11PlusPropUpperLimit>1</Age11PlusPropUpperLimit>
			<AgePropAlpha>0.5</AgePropAlpha>
			<ProtMethName>string</ProtMethName>
			<ProtMethURL>string</ProtMethURL>
			<ProtMethDocumentation>string</ProtMethDocumentation>
			<MethodAdjustments>string</MethodAdjustments>
			<OtherDataSources>string</OtherDataSources>
			<Comments>string</Comments>
			<NullRecord>Yes</NullRecord>
			<DataStatus>Final</DataStatus>
			<IndicatorLocation>string</IndicatorLocation>
			<MetricLocation>string</MetricLocation>
			<MeasureLocation>string</MeasureLocation>
			<ContactPersonFirst>string</ContactPersonFirst>
			<ContactPersonLast>string</ContactPersonLast>
			<ContactPhone>string</ContactPhone>
			<ContactEmail>string</ContactEmail>
			<MetaComments>string</MetaComments>
			<SubmitAgency>string</SubmitAgency>
			<RefID>0</RefID>
			<UpdDate>2014-01-01T00:00:00</UpdDate>
			<DataEntry>string</DataEntry>
			<DataEntryNotes>string</DataEntryNotes>
			<CompilerRecordID>string</CompilerRecordID>
			<Publish>No</Publish>
		</NOSARecord>
	</NOSATable>
	<!--
    <SARTable>
        <SARRecord>
            <ID>00000000-0000-0000-0000-000000000000</ID>
            <TimeSeriesID>0</TimeSeriesID>
            <CommonName>string</CommonName>
            <Run>string</Run>
            <RecoveryDomain>Southern Oregon/Northern California Coast</RecoveryDomain>
            <ESU_DPS>string</ESU_DPS>
            <MajorPopGroup>string</MajorPopGroup>
            <PopID>65535</PopID>
            <CommonPopName>string</CommonPopName>
            <PopFit>Multiple</PopFit>
            <PopFitNotes>string</PopFitNotes>
            <SmoltLocation>string</SmoltLocation>
            <SmoltDef>string</SmoltDef>
            <SmoltLocPTcode>string</SmoltLocPTcode>
            <AdultLocation>string</AdultLocation>
            <ReturnDef>string</ReturnDef>
            <SARtype>Named dam to tributary</SARtype>
            <OutmigrationYear>2050</OutmigrationYear>
            <ContactAgency>Washington Department of Fish and Wildlife</ContactAgency>
            <MethodNumber>255</MethodNumber>
            <BestValue>Not specified</BestValue>
            <SAR>100</SAR>
            <SARLowerLimit>100</SARLowerLimit>
            <SARUpperLimit>100</SARUpperLimit>
            <SARAlpha>0.5</SARAlpha>
            <ReturnsMissing>Yes</ReturnsMissing>
            <ReturnsMissingExplanation>string</ReturnsMissingExplanation>
            <ScopeOfInference>string</ScopeOfInference>
            <RearingType>Unknown</RearingType>
            <TSO>0</TSO>
            <TSOLowerLimit>0</TSOLowerLimit>
            <TSOUpperLimit>0</TSOUpperLimit>
            <TSOAlpha>0.5</TSOAlpha>
            <TAR>0</TAR>
            <TARLowerLimit>0</TARLowerLimit>
            <TARUpperLimit>0</TARUpperLimit>
            <TARAlpha>0.5</TARAlpha>
            <HarvestAdj>Not adjusted</HarvestAdj>
            <OceanHarvest>0</OceanHarvest>
            <MainstemHarvest>0</MainstemHarvest>
            <TribHarvest>0</TribHarvest>
            <BroodStockRemoved>0</BroodStockRemoved>
            <ProtMethName>string</ProtMethName>
            <ProtMethURL>string</ProtMethURL>
            <ProtMethDocumentation>string</ProtMethDocumentation>
            <MethodAdjustments>string</MethodAdjustments>
            <OtherDataSources>string</OtherDataSources>
            <Comments>string</Comments>
            <NullRecord>Yes</NullRecord>
            <DataStatus>Final</DataStatus>
            <IndicatorLocation>string</IndicatorLocation>
            <MetricLocation>string</MetricLocation>
            <MeasureLocation>string</MeasureLocation>
            <ContactPersonFirst>string</ContactPersonFirst>
            <ContactPersonLast>string</ContactPersonLast>
            <ContactPhone>string</ContactPhone>
            <ContactEmail>string</ContactEmail>
            <MetaComments>string</MetaComments>
            <SubmitAgency>string</SubmitAgency>
            <RefID>0</RefID>
            <UpdDate>2014-01-01T00:00:00</UpdDate>
            <DataEntry>string</DataEntry>
            <DataEntryNotes>string</DataEntryNotes>
            <CompilerRecordID>string</CompilerRecordID>
            <Publish>No</Publish>
        </SARRecord>
        <SARRecord>
            <ID>00000000-0000-0000-0000-000000000000</ID>
            <TimeSeriesID>0</TimeSeriesID>
            <CommonName>string</CommonName>
            <Run>string</Run>
            <RecoveryDomain>Southern Oregon/Northern California Coast</RecoveryDomain>
            <ESU_DPS>string</ESU_DPS>
            <MajorPopGroup>string</MajorPopGroup>
            <PopID>65535</PopID>
            <CommonPopName>string</CommonPopName>
            <PopFit>Multiple</PopFit>
            <PopFitNotes>string</PopFitNotes>
            <SmoltLocation>string</SmoltLocation>
            <SmoltDef>string</SmoltDef>
            <SmoltLocPTcode>string</SmoltLocPTcode>
            <AdultLocation>string</AdultLocation>
            <ReturnDef>string</ReturnDef>
            <SARtype>Named dam to tributary</SARtype>
            <OutmigrationYear>2050</OutmigrationYear>
            <ContactAgency>Washington Department of Fish and Wildlife</ContactAgency>
            <MethodNumber>255</MethodNumber>
            <BestValue>Not specified</BestValue>
            <SAR>100</SAR>
            <SARLowerLimit>100</SARLowerLimit>
            <SARUpperLimit>100</SARUpperLimit>
            <SARAlpha>0.5</SARAlpha>
            <ReturnsMissing>Yes</ReturnsMissing>
            <ReturnsMissingExplanation>string</ReturnsMissingExplanation>
            <ScopeOfInference>string</ScopeOfInference>
            <RearingType>Unknown</RearingType>
            <TSO>0</TSO>
            <TSOLowerLimit>0</TSOLowerLimit>
            <TSOUpperLimit>0</TSOUpperLimit>
            <TSOAlpha>0.5</TSOAlpha>
            <TAR>0</TAR>
            <TARLowerLimit>0</TARLowerLimit>
            <TARUpperLimit>0</TARUpperLimit>
            <TARAlpha>0.5</TARAlpha>
            <HarvestAdj>Not adjusted</HarvestAdj>
            <OceanHarvest>0</OceanHarvest>
            <MainstemHarvest>0</MainstemHarvest>
            <TribHarvest>0</TribHarvest>
            <BroodStockRemoved>0</BroodStockRemoved>
            <ProtMethName>string</ProtMethName>
            <ProtMethURL>string</ProtMethURL>
            <ProtMethDocumentation>string</ProtMethDocumentation>
            <MethodAdjustments>string</MethodAdjustments>
            <OtherDataSources>string</OtherDataSources>
            <Comments>string</Comments>
            <NullRecord>Yes</NullRecord>
            <DataStatus>Final</DataStatus>
            <IndicatorLocation>string</IndicatorLocation>
            <MetricLocation>string</MetricLocation>
            <MeasureLocation>string</MeasureLocation>
            <ContactPersonFirst>string</ContactPersonFirst>
            <ContactPersonLast>string</ContactPersonLast>
            <ContactPhone>string</ContactPhone>
            <ContactEmail>string</ContactEmail>
            <MetaComments>string</MetaComments>
            <SubmitAgency>string</SubmitAgency>
            <RefID>0</RefID>
            <UpdDate>2014-01-01T00:00:00</UpdDate>
            <DataEntry>string</DataEntry>
            <DataEntryNotes>string</DataEntryNotes>
            <CompilerRecordID>string</CompilerRecordID>
            <Publish>No</Publish>
        </SARRecord>
    </SARTable>-->
	<!--
    <RperSTable>
        <RperSRecord>
            <ID>00000000-0000-0000-0000-000000000000</ID>
            <TimeSeriesID>0</TimeSeriesID>
            <CommonName>string</CommonName>
            <Run>string</Run>
            <RecoveryDomain>Southern Oregon/Northern California Coast</RecoveryDomain>
            <ESU_DPS>string</ESU_DPS>
            <MajorPopGroup>string</MajorPopGroup>
            <PopID>65535</PopID>
            <CommonPopName>string</CommonPopName>
            <PopFit>Multiple</PopFit>
            <PopFitNotes>string</PopFitNotes>
            <SpawnerLocation>stringxxxx</SpawnerLocation>
            <RecruitLocation>stringxxxx</RecruitLocation>
            <RecruitDef>string</RecruitDef>
            <RperStype>Smolts per female spawners</RperStype>
            <BroodYear>2050</BroodYear>
            <ContactAgency>Washington Department of Fish and Wildlife</ContactAgency>
            <MethodNumber>255</MethodNumber>
            <BestValue>Not specified</BestValue>
            <RperS>100</RperS>
            <RperSLowerLimit>100</RperSLowerLimit>
            <RperSUpperLimit>100</RperSUpperLimit>
            <RperSAlpha>0.5</RperSAlpha>
            <TotalSpawners>0</TotalSpawners>
            <TotalSpawnersLowerLimit>0</TotalSpawnersLowerLimit>
            <TotalSpawnersUpperLimit>0</TotalSpawnersUpperLimit>
            <TotalSpawnersAlpha>0.5</TotalSpawnersAlpha>
            <HatcherySpawners>0</HatcherySpawners>
            <HatcherySpawnersLowerLimit>0</HatcherySpawnersLowerLimit>
            <HatcherySpawnersUpperLimit>0</HatcherySpawnersUpperLimit>
            <HatcherySpawnersAlpha>0.5</HatcherySpawnersAlpha>
            <Recruits>0</Recruits>
            <RecruitsLowerLimit>0</RecruitsLowerLimit>
            <RecruitsUpperLimit>0</RecruitsUpperLimit>
            <RecruitsAlpha>0.5</RecruitsAlpha>
            <RecruitsMissing>Yes</RecruitsMissing>
            <RecruitsMissingExplanation>string</RecruitsMissingExplanation>
            <HarvestAdj>Not adjusted</HarvestAdj>
            <OceanHarvest>0</OceanHarvest>
            <MainstemHarvest>0</MainstemHarvest>
            <TribHarvest>0</TribHarvest>
            <NOBroodStockRemoved>0</NOBroodStockRemoved>
            <YOY>0</YOY>
            <Age1Juvs>0</Age1Juvs>
            <Age2Juvs>0</Age2Juvs>
            <Age3Juvs>0</Age3Juvs>
            <Age4PlusJuvs>0</Age4PlusJuvs>
            <Age2Adults>0</Age2Adults>
            <Age3Adults>0</Age3Adults>
            <Age4Adults>0</Age4Adults>
            <Age5Adults>0</Age5Adults>
            <Age6Adults>0</Age6Adults>
            <Age7Adults>0</Age7Adults>
            <Age8Adults>0</Age8Adults>
            <Age9Adults>0</Age9Adults>
            <Age10Adults>0</Age10Adults>
            <Age11PlusAdults>0</Age11PlusAdults>
            <ProtMethName>string</ProtMethName>
            <ProtMethURL>string</ProtMethURL>
            <ProtMethDocumentation>string</ProtMethDocumentation>
            <MethodAdjustments>string</MethodAdjustments>
            <OtherDataSources>string</OtherDataSources>
            <Comments>string</Comments>
            <NullRecord>Yes</NullRecord>
            <DataStatus>Final</DataStatus>
            <IndicatorLocation>string</IndicatorLocation>
            <MetricLocation>string</MetricLocation>
            <MeasureLocation>string</MeasureLocation>
            <ContactPersonFirst>string</ContactPersonFirst>
            <ContactPersonLast>string</ContactPersonLast>
            <ContactPhone>string</ContactPhone>
            <ContactEmail>string</ContactEmail>
            <MetaComments>string</MetaComments>
            <SubmitAgency>string</SubmitAgency>
            <RefID>0</RefID>
            <UpdDate>2014-01-01T00:00:00</UpdDate>
            <DataEntry>string</DataEntry>
            <DataEntryNotes>string</DataEntryNotes>
            <CompilerRecordID>string</CompilerRecordID>
            <Publish>No</Publish>
        </RperSRecord>
        <RperSRecord>
            <ID>00000000-0000-0000-0000-000000000000</ID>
            <TimeSeriesID>0</TimeSeriesID>
            <CommonName>string</CommonName>
            <Run>string</Run>
            <RecoveryDomain>Southern Oregon/Northern California Coast</RecoveryDomain>
            <ESU_DPS>string</ESU_DPS>
            <MajorPopGroup>string</MajorPopGroup>
            <PopID>65535</PopID>
            <CommonPopName>string</CommonPopName>
            <PopFit>Multiple</PopFit>
            <PopFitNotes>string</PopFitNotes>
            <SpawnerLocation>stringxxxx</SpawnerLocation>
            <RecruitLocation>stringxxxx</RecruitLocation>
            <RecruitDef>string</RecruitDef>
            <RperStype>Smolts per female spawners</RperStype>
            <BroodYear>2050</BroodYear>
            <ContactAgency>Washington Department of Fish and Wildlife</ContactAgency>
            <MethodNumber>255</MethodNumber>
            <BestValue>Not specified</BestValue>
            <RperS>100</RperS>
            <RperSLowerLimit>100</RperSLowerLimit>
            <RperSUpperLimit>100</RperSUpperLimit>
            <RperSAlpha>0.5</RperSAlpha>
            <TotalSpawners>0</TotalSpawners>
            <TotalSpawnersLowerLimit>0</TotalSpawnersLowerLimit>
            <TotalSpawnersUpperLimit>0</TotalSpawnersUpperLimit>
            <TotalSpawnersAlpha>0.5</TotalSpawnersAlpha>
            <HatcherySpawners>0</HatcherySpawners>
            <HatcherySpawnersLowerLimit>0</HatcherySpawnersLowerLimit>
            <HatcherySpawnersUpperLimit>0</HatcherySpawnersUpperLimit>
            <HatcherySpawnersAlpha>0.5</HatcherySpawnersAlpha>
            <Recruits>0</Recruits>
            <RecruitsLowerLimit>0</RecruitsLowerLimit>
            <RecruitsUpperLimit>0</RecruitsUpperLimit>
            <RecruitsAlpha>0.5</RecruitsAlpha>
            <RecruitsMissing>Yes</RecruitsMissing>
            <RecruitsMissingExplanation>string</RecruitsMissingExplanation>
            <HarvestAdj>Not adjusted</HarvestAdj>
            <OceanHarvest>0</OceanHarvest>
            <MainstemHarvest>0</MainstemHarvest>
            <TribHarvest>0</TribHarvest>
            <NOBroodStockRemoved>0</NOBroodStockRemoved>
            <YOY>0</YOY>
            <Age1Juvs>0</Age1Juvs>
            <Age2Juvs>0</Age2Juvs>
            <Age3Juvs>0</Age3Juvs>
            <Age4PlusJuvs>0</Age4PlusJuvs>
            <Age2Adults>0</Age2Adults>
            <Age3Adults>0</Age3Adults>
            <Age4Adults>0</Age4Adults>
            <Age5Adults>0</Age5Adults>
            <Age6Adults>0</Age6Adults>
            <Age7Adults>0</Age7Adults>
            <Age8Adults>0</Age8Adults>
            <Age9Adults>0</Age9Adults>
            <Age10Adults>0</Age10Adults>
            <Age11PlusAdults>0</Age11PlusAdults>
            <ProtMethName>string</ProtMethName>
            <ProtMethURL>string</ProtMethURL>
            <ProtMethDocumentation>string</ProtMethDocumentation>
            <MethodAdjustments>string</MethodAdjustments>
            <OtherDataSources>string</OtherDataSources>
            <Comments>string</Comments>
            <NullRecord>Yes</NullRecord>
            <DataStatus>Final</DataStatus>
            <IndicatorLocation>string</IndicatorLocation>
            <MetricLocation>string</MetricLocation>
            <MeasureLocation>string</MeasureLocation>
            <ContactPersonFirst>string</ContactPersonFirst>
            <ContactPersonLast>string</ContactPersonLast>
            <ContactPhone>string</ContactPhone>
            <ContactEmail>string</ContactEmail>
            <MetaComments>string</MetaComments>
            <SubmitAgency>string</SubmitAgency>
            <RefID>0</RefID>
            <UpdDate>2014-01-01T00:00:00</UpdDate>
            <DataEntry>string</DataEntry>
            <DataEntryNotes>string</DataEntryNotes>
            <CompilerRecordID>string</CompilerRecordID>
            <Publish>No</Publish>
        </RperSRecord>
    </RperSTable>-->
	<!--
    <HatcheryReturnsTable>
        <HatcheryReturnsRecord>
            <HatcheryProgram>string</HatcheryProgram>
            <HatcheryFacility>string</HatcheryFacility>
            <PrimaryOperator>string</PrimaryOperator>
            <TimeSeriesID>0</TimeSeriesID>
            <CommonName>string</CommonName>
            <Run>string</Run>
            <StockID>0</StockID>
            <Stock>string</Stock>
            <AffiliatedPopulation>string</AffiliatedPopulation>
            <ReturnLocation>string</ReturnLocation>
            <ReturnLong>-1E4</ReturnLong>
            <ReturnLat>-1E4</ReturnLat>
            <ReturnYear>2050</ReturnYear>
            <ContactAgy>string</ContactAgy>
            <ContactAgency>Washington Department of Fish and Wildlife</ContactAgency>
            <TotalReturn>0</TotalReturn>
            <HatcheryTotal>0</HatcheryTotal>
            <StrayTotal>0</StrayTotal>
            <UnmarkedTotal>0</UnmarkedTotal>
            <NaturalTotal>0</NaturalTotal>
            <HatcheryFemales>0</HatcheryFemales>
            <HatcheryMales>0</HatcheryMales>
            <HatcheryJacks>0</HatcheryJacks>
            <HatcheryJennies>0</HatcheryJennies>
            <HatcheryUnknown>0</HatcheryUnknown>
            <StrayFemales>0</StrayFemales>
            <StrayMales>0</StrayMales>
            <StrayJacks>0</StrayJacks>
            <StrayJennies>0</StrayJennies>
            <StrayUnknown>0</StrayUnknown>
            <UnmarkedFemales>0</UnmarkedFemales>
            <UnmarkedMales>0</UnmarkedMales>
            <UnmarkedJacks>0</UnmarkedJacks>
            <UnmarkedJennies>0</UnmarkedJennies>
            <UnmarkedUnknown>0</UnmarkedUnknown>
            <ProtMethName>string</ProtMethName>
            <ProtMethURL>string</ProtMethURL>
            <ProtMethDocumentation>string</ProtMethDocumentation>
            <MethodAdjustments>string</MethodAdjustments>
            <OtherDataSources>string</OtherDataSources>
            <BPAprojNum>string</BPAprojNum>
            <Comments>string</Comments>
            <NullRecord>Yes</NullRecord>
            <DataStatus>Final</DataStatus>
            <IndicatorLocation>string</IndicatorLocation>
            <MeasureLocation>string</MeasureLocation>
            <ContactPersonFirst>string</ContactPersonFirst>
            <ContactPersonLast>string</ContactPersonLast>
            <ContactPhone>string</ContactPhone>
            <ContactEmail>string</ContactEmail>
            <MetaComments>string</MetaComments>
            <SubmitAgency>string</SubmitAgency>
            <RefID>0</RefID>
            <Citation>string</Citation>
            <CitationURL>string</CitationURL>
            <CompilerRecordID>string</CompilerRecordID>
            <ID>00000000-0000-0000-0000-000000000000</ID>
            <Publish>No</Publish>
            <DataSetVersion>string</DataSetVersion>
            <UpdDate>2014-01-01T00:00:00</UpdDate>
            <SNLoadDate>2014-01-01T00:00:00</SNLoadDate>
            <HLI_LastUpdated>2014-01-01T00:00:00</HLI_LastUpdated>
            <LastUpdated>2014-01-01T00:00:00</LastUpdated>
            <LastModifiedOn>2014-01-01T00:00:00</LastModifiedOn>
        </HatcheryReturnsRecord>
        <HatcheryReturnsRecord>
            <HatcheryProgram>string</HatcheryProgram>
            <HatcheryFacility>string</HatcheryFacility>
            <PrimaryOperator>string</PrimaryOperator>
            <TimeSeriesID>0</TimeSeriesID>
            <CommonName>string</CommonName>
            <Run>string</Run>
            <StockID>0</StockID>
            <Stock>string</Stock>
            <AffiliatedPopulation>string</AffiliatedPopulation>
            <ReturnLocation>string</ReturnLocation>
            <ReturnLong>-1E4</ReturnLong>
            <ReturnLat>-1E4</ReturnLat>
            <ReturnYear>2050</ReturnYear>
            <ContactAgy>string</ContactAgy>
            <ContactAgency>Washington Department of Fish and Wildlife</ContactAgency>
            <TotalReturn>0</TotalReturn>
            <HatcheryTotal>0</HatcheryTotal>
            <StrayTotal>0</StrayTotal>
            <UnmarkedTotal>0</UnmarkedTotal>
            <NaturalTotal>0</NaturalTotal>
            <HatcheryFemales>0</HatcheryFemales>
            <HatcheryMales>0</HatcheryMales>
            <HatcheryJacks>0</HatcheryJacks>
            <HatcheryJennies>0</HatcheryJennies>
            <HatcheryUnknown>0</HatcheryUnknown>
            <StrayFemales>0</StrayFemales>
            <StrayMales>0</StrayMales>
            <StrayJacks>0</StrayJacks>
            <StrayJennies>0</StrayJennies>
            <StrayUnknown>0</StrayUnknown>
            <UnmarkedFemales>0</UnmarkedFemales>
            <UnmarkedMales>0</UnmarkedMales>
            <UnmarkedJacks>0</UnmarkedJacks>
            <UnmarkedJennies>0</UnmarkedJennies>
            <UnmarkedUnknown>0</UnmarkedUnknown>
            <ProtMethName>string</ProtMethName>
            <ProtMethURL>string</ProtMethURL>
            <ProtMethDocumentation>string</ProtMethDocumentation>
            <MethodAdjustments>string</MethodAdjustments>
            <OtherDataSources>string</OtherDataSources>
            <BPAprojNum>string</BPAprojNum>
            <Comments>string</Comments>
            <NullRecord>Yes</NullRecord>
            <DataStatus>Final</DataStatus>
            <IndicatorLocation>string</IndicatorLocation>
            <MeasureLocation>string</MeasureLocation>
            <ContactPersonFirst>string</ContactPersonFirst>
            <ContactPersonLast>string</ContactPersonLast>
            <ContactPhone>string</ContactPhone>
            <ContactEmail>string</ContactEmail>
            <MetaComments>string</MetaComments>
            <SubmitAgency>string</SubmitAgency>
            <RefID>0</RefID>
            <Citation>string</Citation>
            <CitationURL>string</CitationURL>
            <CompilerRecordID>string</CompilerRecordID>
            <ID>00000000-0000-0000-0000-000000000000</ID>
            <Publish>No</Publish>
            <DataSetVersion>string</DataSetVersion>
            <UpdDate>2014-01-01T00:00:00</UpdDate>
            <SNLoadDate>2014-01-01T00:00:00</SNLoadDate>
            <HLI_LastUpdated>2014-01-01T00:00:00</HLI_LastUpdated>
            <LastUpdated>2014-01-01T00:00:00</LastUpdated>
            <LastModifiedOn>2014-01-01T00:00:00</LastModifiedOn>
        </HatcheryReturnsRecord>
    </HatcheryReturnsTable>-->
	<!--
    <BroodstockSpawningTable>
        <BroodstockSpawningRecord>
            <HatcheryProgram>string</HatcheryProgram>
            <HatcheryFacility>string</HatcheryFacility>
            <PrimaryOperator>string</PrimaryOperator>
            <TimeSeriesID>0</TimeSeriesID>
            <CommonName>string</CommonName>
            <Run>string</Run>
            <StockID>0</StockID>
            <Stock>string</Stock>
            <SpawningLocation>string</SpawningLocation>
            <BroodYear>2050</BroodYear>
            <ContactAgy>string</ContactAgy>
            <ContactAgency>Washington Department of Fish and Wildlife</ContactAgency>
            <BroodFemales>0</BroodFemales>
            <BroodMales>0</BroodMales>
            <BroodJacks>0</BroodJacks>
            <HOBFemales>0</HOBFemales>
            <HOBMales>0</HOBMales>
            <HOBJacks>0</HOBJacks>
            <NOBFemales>0</NOBFemales>
            <NOBMales>0</NOBMales>
            <NOBJacks>0</NOBJacks>
            <pHOBIJ>1</pHOBIJ>
            <pHOBEJ>1</pHOBEJ>
            <pNOBIJ>1</pNOBIJ>
            <pNOBEJ>1</pNOBEJ>
            <ProtMethName>string</ProtMethName>
            <ProtMethURL>string</ProtMethURL>
            <ProtMethDocumentation>string</ProtMethDocumentation>
            <MethodAdjustments>string</MethodAdjustments>
            <OtherDataSources>string</OtherDataSources>
            <BPAprojNum>string</BPAprojNum>
            <Comments>string</Comments>
            <NullRecord>Yes</NullRecord>
            <DataStatus>Final</DataStatus>
            <IndicatorLocation>string</IndicatorLocation>
            <MeasureLocation>string</MeasureLocation>
            <ContactPersonFirst>string</ContactPersonFirst>
            <ContactPersonLast>string</ContactPersonLast>
            <ContactPhone>string</ContactPhone>
            <ContactEmail>string</ContactEmail>
            <MetaComments>string</MetaComments>
            <SubmitAgency>string</SubmitAgency>
            <RefID>0</RefID>
            <Citation>string</Citation>
            <CitationURL>string</CitationURL>
            <CompilerRecordID>string</CompilerRecordID>
            <ID>00000000-0000-0000-0000-000000000000</ID>
            <DataSetVersion>string</DataSetVersion>
            <UpdDate>2014-01-01T00:00:00</UpdDate>
            <SNLoadDate>2014-01-01T00:00:00</SNLoadDate>
            <HLI_LastUpdated>2014-01-01T00:00:00</HLI_LastUpdated>
            <LastUpdated>2014-01-01T00:00:00</LastUpdated>
            <LastModifiedOn>2014-01-01T00:00:00</LastModifiedOn>
        </BroodstockSpawningRecord>
        <BroodstockSpawningRecord>
            <HatcheryProgram>string</HatcheryProgram>
            <HatcheryFacility>string</HatcheryFacility>
            <PrimaryOperator>string</PrimaryOperator>
            <TimeSeriesID>0</TimeSeriesID>
            <CommonName>string</CommonName>
            <Run>string</Run>
            <StockID>0</StockID>
            <Stock>string</Stock>
            <SpawningLocation>string</SpawningLocation>
            <BroodYear>2050</BroodYear>
            <ContactAgy>string</ContactAgy>
            <ContactAgency>Washington Department of Fish and Wildlife</ContactAgency>
            <BroodFemales>0</BroodFemales>
            <BroodMales>0</BroodMales>
            <BroodJacks>0</BroodJacks>
            <HOBFemales>0</HOBFemales>
            <HOBMales>0</HOBMales>
            <HOBJacks>0</HOBJacks>
            <NOBFemales>0</NOBFemales>
            <NOBMales>0</NOBMales>
            <NOBJacks>0</NOBJacks>
            <pHOBIJ>1</pHOBIJ>
            <pHOBEJ>1</pHOBEJ>
            <pNOBIJ>1</pNOBIJ>
            <pNOBEJ>1</pNOBEJ>
            <ProtMethName>string</ProtMethName>
            <ProtMethURL>string</ProtMethURL>
            <ProtMethDocumentation>string</ProtMethDocumentation>
            <MethodAdjustments>string</MethodAdjustments>
            <OtherDataSources>string</OtherDataSources>
            <BPAprojNum>string</BPAprojNum>
            <Comments>string</Comments>
            <NullRecord>Yes</NullRecord>
            <DataStatus>Final</DataStatus>
            <IndicatorLocation>string</IndicatorLocation>
            <MeasureLocation>string</MeasureLocation>
            <ContactPersonFirst>string</ContactPersonFirst>
            <ContactPersonLast>string</ContactPersonLast>
            <ContactPhone>string</ContactPhone>
            <ContactEmail>string</ContactEmail>
            <MetaComments>string</MetaComments>
            <SubmitAgency>string</SubmitAgency>
            <RefID>0</RefID>
            <Citation>string</Citation>
            <CitationURL>string</CitationURL>
            <CompilerRecordID>string</CompilerRecordID>
            <ID>00000000-0000-0000-0000-000000000000</ID>
            <DataSetVersion>string</DataSetVersion>
            <UpdDate>2014-01-01T00:00:00</UpdDate>
            <SNLoadDate>2014-01-01T00:00:00</SNLoadDate>
            <HLI_LastUpdated>2014-01-01T00:00:00</HLI_LastUpdated>
            <LastUpdated>2014-01-01T00:00:00</LastUpdated>
            <LastModifiedOn>2014-01-01T00:00:00</LastModifiedOn>
        </BroodstockSpawningRecord>
    </BroodstockSpawningTable>-->
	<!--
    <HatcheryReleasesTable>
        <HatcheryReleasesRecord>
            <HatcheryProgram>string</HatcheryProgram>
            <HatcheryFacility>string</HatcheryFacility>
            <PrimaryOperator>string</PrimaryOperator>
            <TimeSeriesID>0</TimeSeriesID>
            <CommonName>string</CommonName>
            <Run>string</Run>
            <StockID>0</StockID>
            <Stock>string</Stock>
            <AffiliatedPopulation>string</AffiliatedPopulation>
            <ReleaseRegion>string</ReleaseRegion>
            <ReleaseHUC_8>string</ReleaseHUC_8>
            <ReleaseLocation>string</ReleaseLocation>
            <ReleaseLong>-1E4</ReleaseLong>
            <ReleaseLat>-1E4</ReleaseLat>
            <BroodYear>2050</BroodYear>
            <ReleaseYear>2050</ReleaseYear>
            <ReleaseSeason>string</ReleaseSeason>
            <ReleaseStartDate>2050-01-01</ReleaseStartDate>
            <ReleaseEndDate>2050-01-01</ReleaseEndDate>
            <ReleaseStrategy>Not specified</ReleaseStrategy>
            <LifeStage>Unknown</LifeStage>
            <ContactAgy>string</ContactAgy>
            <ContactAgency>Washington Department of Fish and Wildlife</ContactAgency>
            <NumberReleased>0</NumberReleased>
            <AvgLength>0</AvgLength>
            <LengthType>string</LengthType>
            <AvgWeight>-1E4</AvgWeight>
            <FishPerPound>-1E4</FishPerPound>
            <ProtMethName>string</ProtMethName>
            <ProtMethURL>string</ProtMethURL>
            <ProtMethDocumentation>string</ProtMethDocumentation>
            <MethodAdjustments>string</MethodAdjustments>
            <OtherDataSources>string</OtherDataSources>
            <BPAprojNum>string</BPAprojNum>
            <Comments>string</Comments>
            <NullRecord>Yes</NullRecord>
            <DataStatus>Final</DataStatus>
            <IndicatorLocation>string</IndicatorLocation>
            <MeasureLocation>string</MeasureLocation>
            <ContactPersonFirst>string</ContactPersonFirst>
            <ContactPersonLast>string</ContactPersonLast>
            <ContactPhone>string</ContactPhone>
            <ContactEmail>string</ContactEmail>
            <MetaComments>string</MetaComments>
            <SubmitAgency>string</SubmitAgency>
            <RefID>0</RefID>
            <Citation>string</Citation>
            <CitationURL>string</CitationURL>
            <CompilerRecordID>string</CompilerRecordID>
            <ID>00000000-0000-0000-0000-000000000000</ID>
            <DataSetVersion>string</DataSetVersion>
            <UpdDate>2014-01-01T00:00:00</UpdDate>
            <SNLoadDate>2014-01-01T00:00:00</SNLoadDate>
            <HLI_LastUpdated>2014-01-01T00:00:00</HLI_LastUpdated>
            <LastUpdated>2014-01-01T00:00:00</LastUpdated>
            <LastModifiedOn>2014-01-01T00:00:00</LastModifiedOn>
        </HatcheryReleasesRecord>
        <HatcheryReleasesRecord>
            <HatcheryProgram>string</HatcheryProgram>
            <HatcheryFacility>string</HatcheryFacility>
            <PrimaryOperator>string</PrimaryOperator>
            <TimeSeriesID>0</TimeSeriesID>
            <CommonName>string</CommonName>
            <Run>string</Run>
            <StockID>0</StockID>
            <Stock>string</Stock>
            <AffiliatedPopulation>string</AffiliatedPopulation>
            <ReleaseRegion>string</ReleaseRegion>
            <ReleaseHUC_8>string</ReleaseHUC_8>
            <ReleaseLocation>string</ReleaseLocation>
            <ReleaseLong>-1E4</ReleaseLong>
            <ReleaseLat>-1E4</ReleaseLat>
            <BroodYear>2050</BroodYear>
            <ReleaseYear>2050</ReleaseYear>
            <ReleaseSeason>string</ReleaseSeason>
            <ReleaseStartDate>2050-01-01</ReleaseStartDate>
            <ReleaseEndDate>2050-01-01</ReleaseEndDate>
            <ReleaseStrategy>Not specified</ReleaseStrategy>
            <LifeStage>Unknown</LifeStage>
            <ContactAgy>string</ContactAgy>
            <ContactAgency>Washington Department of Fish and Wildlife</ContactAgency>
            <NumberReleased>0</NumberReleased>
            <AvgLength>0</AvgLength>
            <LengthType>string</LengthType>
            <AvgWeight>-1E4</AvgWeight>
            <FishPerPound>-1E4</FishPerPound>
            <ProtMethName>string</ProtMethName>
            <ProtMethURL>string</ProtMethURL>
            <ProtMethDocumentation>string</ProtMethDocumentation>
            <MethodAdjustments>string</MethodAdjustments>
            <OtherDataSources>string</OtherDataSources>
            <BPAprojNum>string</BPAprojNum>
            <Comments>string</Comments>
            <NullRecord>Yes</NullRecord>
            <DataStatus>Final</DataStatus>
            <IndicatorLocation>string</IndicatorLocation>
            <MeasureLocation>string</MeasureLocation>
            <ContactPersonFirst>string</ContactPersonFirst>
            <ContactPersonLast>string</ContactPersonLast>
            <ContactPhone>string</ContactPhone>
            <ContactEmail>string</ContactEmail>
            <MetaComments>string</MetaComments>
            <SubmitAgency>string</SubmitAgency>
            <RefID>0</RefID>
            <Citation>string</Citation>
            <CitationURL>string</CitationURL>
            <CompilerRecordID>string</CompilerRecordID>
            <ID>00000000-0000-0000-0000-000000000000</ID>
            <DataSetVersion>string</DataSetVersion>
            <UpdDate>2014-01-01T00:00:00</UpdDate>
            <SNLoadDate>2014-01-01T00:00:00</SNLoadDate>
            <HLI_LastUpdated>2014-01-01T00:00:00</HLI_LastUpdated>
            <LastUpdated>2014-01-01T00:00:00</LastUpdated>
            <LastModifiedOn>2014-01-01T00:00:00</LastModifiedOn>
        </HatcheryReleasesRecord>
    </HatcheryReleasesTable>-->
	<!--
    <SAR_HatcheryTable>
        <SAR_HatcheryRecord>
            <HatcheryProgram>string</HatcheryProgram>
            <HatcheryFacility>string</HatcheryFacility>
            <PrimaryOperator>string</PrimaryOperator>
            <TimeSeriesID>0</TimeSeriesID>
            <CommonName>string</CommonName>
            <Run>string</Run>
            <ReleaseRegion>string</ReleaseRegion>
            <StockID>0</StockID>
            <Stock>string</Stock>
            <ReleaseLocation>string</ReleaseLocation>
            <ReleaseHUC_8>string</ReleaseHUC_8>
            <ReleaseLong>-1E4</ReleaseLong>
            <ReleaseLat>-1E4</ReleaseLat>
            <ReleaseDef>string</ReleaseDef>
            <ReleaseLocPTcode>string</ReleaseLocPTcode>
            <ReturnLocation>string</ReturnLocation>
            <ReturnLong>-1E4</ReturnLong>
            <ReturnLat>-1E4</ReturnLat>
            <SmoltToAdultLocs>string</SmoltToAdultLocs>
            <ReturnDef>string</ReturnDef>
            <SARtype>Named dam to tributary</SARtype>
            <BroodYear>2050</BroodYear>
            <ReleaseYear>2050</ReleaseYear>
            <ReleaseSeason>string</ReleaseSeason>
            <OutmigrationYear>2050</OutmigrationYear>
            <ContactAgy>string</ContactAgy>
            <ContactAgency>Washington Department of Fish and Wildlife</ContactAgency>
            <SAR>100</SAR>
            <StraysRemoved>N/A</StraysRemoved>
            <ReturnsMissing>Yes</ReturnsMissing>
            <ReturnsMissingExplanation>string</ReturnsMissingExplanation>
            <NumberReleased>0</NumberReleased>
            <AvgLength>0</AvgLength>
            <LengthType>string</LengthType>
            <AvgWeight>-1E4</AvgWeight>
            <FishPerPound>-1E4</FishPerPound>
            <TAR>0</TAR>
            <ProtMethName>string</ProtMethName>
            <ProtMethURL>string</ProtMethURL>
            <ProtMethDocumentation>string</ProtMethDocumentation>
            <MethodAdjustments>string</MethodAdjustments>
            <OtherDataSources>string</OtherDataSources>
            <BPAprojNum>string</BPAprojNum>
            <Comments>string</Comments>
            <NullRecord>Yes</NullRecord>
            <DataStatus>Final</DataStatus>
            <IndicatorLocation>string</IndicatorLocation>
            <MetricLocation>string</MetricLocation>
            <MeasureLocation>string</MeasureLocation>
            <ContactPersonFirst>string</ContactPersonFirst>
            <ContactPersonLast>string</ContactPersonLast>
            <ContactPhone>string</ContactPhone>
            <ContactEmail>string</ContactEmail>
            <MetaComments>string</MetaComments>
            <SubmitAgency>string</SubmitAgency>
            <RefID>0</RefID>
            <Citation>string</Citation>
            <CitationURL>string</CitationURL>
            <CompilerRecordID>string</CompilerRecordID>
            <ID>00000000-0000-0000-0000-000000000000</ID>
            <DataSetVersion>string</DataSetVersion>
            <UpdDate>2014-01-01T00:00:00</UpdDate>
            <SNLoadDate>2014-01-01T00:00:00</SNLoadDate>
            <HLI_LastUpdated>2014-01-01T00:00:00</HLI_LastUpdated>
            <LastUpdated>2014-01-01T00:00:00</LastUpdated>
            <LastModifiedOn>2014-01-01T00:00:00</LastModifiedOn>
        </SAR_HatcheryRecord>
        <SAR_HatcheryRecord>
            <HatcheryProgram>string</HatcheryProgram>
            <HatcheryFacility>string</HatcheryFacility>
            <PrimaryOperator>string</PrimaryOperator>
            <TimeSeriesID>0</TimeSeriesID>
            <CommonName>string</CommonName>
            <Run>string</Run>
            <ReleaseRegion>string</ReleaseRegion>
            <StockID>0</StockID>
            <Stock>string</Stock>
            <ReleaseLocation>string</ReleaseLocation>
            <ReleaseHUC_8>string</ReleaseHUC_8>
            <ReleaseLong>-1E4</ReleaseLong>
            <ReleaseLat>-1E4</ReleaseLat>
            <ReleaseDef>string</ReleaseDef>
            <ReleaseLocPTcode>string</ReleaseLocPTcode>
            <ReturnLocation>string</ReturnLocation>
            <ReturnLong>-1E4</ReturnLong>
            <ReturnLat>-1E4</ReturnLat>
            <SmoltToAdultLocs>string</SmoltToAdultLocs>
            <ReturnDef>string</ReturnDef>
            <SARtype>Named dam to tributary</SARtype>
            <BroodYear>2050</BroodYear>
            <ReleaseYear>2050</ReleaseYear>
            <ReleaseSeason>string</ReleaseSeason>
            <OutmigrationYear>2050</OutmigrationYear>
            <ContactAgy>string</ContactAgy>
            <ContactAgency>Washington Department of Fish and Wildlife</ContactAgency>
            <SAR>100</SAR>
            <StraysRemoved>N/A</StraysRemoved>
            <ReturnsMissing>Yes</ReturnsMissing>
            <ReturnsMissingExplanation>string</ReturnsMissingExplanation>
            <NumberReleased>0</NumberReleased>
            <AvgLength>0</AvgLength>
            <LengthType>string</LengthType>
            <AvgWeight>-1E4</AvgWeight>
            <FishPerPound>-1E4</FishPerPound>
            <TAR>0</TAR>
            <ProtMethName>string</ProtMethName>
            <ProtMethURL>string</ProtMethURL>
            <ProtMethDocumentation>string</ProtMethDocumentation>
            <MethodAdjustments>string</MethodAdjustments>
            <OtherDataSources>string</OtherDataSources>
            <BPAprojNum>string</BPAprojNum>
            <Comments>string</Comments>
            <NullRecord>Yes</NullRecord>
            <DataStatus>Final</DataStatus>
            <IndicatorLocation>string</IndicatorLocation>
            <MetricLocation>string</MetricLocation>
            <MeasureLocation>string</MeasureLocation>
            <ContactPersonFirst>string</ContactPersonFirst>
            <ContactPersonLast>string</ContactPersonLast>
            <ContactPhone>string</ContactPhone>
            <ContactEmail>string</ContactEmail>
            <MetaComments>string</MetaComments>
            <SubmitAgency>string</SubmitAgency>
            <RefID>0</RefID>
            <Citation>string</Citation>
            <CitationURL>string</CitationURL>
            <CompilerRecordID>string</CompilerRecordID>
            <ID>00000000-0000-0000-0000-000000000000</ID>
            <DataSetVersion>string</DataSetVersion>
            <UpdDate>2014-01-01T00:00:00</UpdDate>
            <SNLoadDate>2014-01-01T00:00:00</SNLoadDate>
            <HLI_LastUpdated>2014-01-01T00:00:00</HLI_LastUpdated>
            <LastUpdated>2014-01-01T00:00:00</LastUpdated>
            <LastModifiedOn>2014-01-01T00:00:00</LastModifiedOn>
        </SAR_HatcheryRecord>
    </SAR_HatcheryTable>-->
</CAX>