<?xml version="1.0"?>
<NOSATable xmlns="http://www.exchangenetwork.net/schema/CAX/2" xmlns:xsi="http://www.w3.org/2001/XMLSchema-instance" xsi:schemaLocation="http://www.exchangenetwork.net/schema/CAX/2 file:///c:/Files/Working/HCAX%20XML%20Schema/2024%20HCAX/0/NOSATable.xsd">
	<NOSARecord>
		<ID>00000000-0000-0000-0000-000000000000</ID>
		<TimeSeriesID>0</TimeSeriesID>
		<CommonName>string</CommonName>
		<Run>string</Run>
		<RecoveryDomain>Southern Oregon/Northern California Coast</RecoveryDomain>
		<ESU_DPS>string</ESU_DPS>
		<MajorPopGroup>string</MajorPopGroup>
		<PopID>65535</PopID>
		<CommonPopName>string</CommonPopName>
		<PopFit>Multiple</PopFit>
		<PopFitNotes>string</PopFitNotes>
		<EstimateType>Escapement</EstimateType>
		<WaterBody>string</WaterBody>
		<EscapementLong>-1E4</EscapementLong>
		<EscapementLat>-1E4</EscapementLat>
		<SpawningYear>2050</SpawningYear>
		<EscapementTiming>string</EscapementTiming>
		<ContactAgency>Washington Department of Fish and Wildlife</ContactAgency>
		<MethodNumber>255</MethodNumber>
		<BestValue>Not specified</BestValue>
		<NOSAIJ>0</NOSAIJ>
		<NOSAIJLowerLimit>0</NOSAIJLowerLimit>
		<NOSAIJUpperLimit>0</NOSAIJUpperLimit>
		<NOSAIJAlpha>0.5</NOSAIJAlpha>
		<NOSAEJ>0</NOSAEJ>
		<NOSAEJLowerLimit>0</NOSAEJLowerLimit>
		<NOSAEJUpperLimit>0</NOSAEJUpperLimit>
		<NOSAEJAlpha>0.5</NOSAEJAlpha>
		<NOBroodStockRemoved>0</NOBroodStockRemoved>
		<pHOSij>1</pHOSij>
		<pHOSijLowerLimit>1</pHOSijLowerLimit>
		<pHOSijUpperLimit>1</pHOSijUpperLimit>
		<pHOSijAlpha>0.5</pHOSijAlpha>
		<pHOSej>1</pHOSej>
		<pHOSejLowerLimit>1</pHOSejLowerLimit>
		<pHOSejUpperLimit>1</pHOSejUpperLimit>
		<pHOSejAlpha>0.5</pHOSejAlpha>
		<NOSJF>1</NOSJF>
		<NOSJFLowerLimit>1</NOSJFLowerLimit>
		<NOSJFUpperLimit>1</NOSJFUpperLimit>
		<NOSJFAlpha>0.5</NOSJFAlpha>
		<HOSJF>1</HOSJF>
		<TSAIJ>0</TSAIJ>
		<TSAIJLowerLimit>0</TSAIJLowerLimit>
		<TSAIJUpperLimit>0</TSAIJUpperLimit>
		<TSAIJAlpha>0.5</TSAIJAlpha>
		<TSAEJ>0</TSAEJ>
		<TSAEJLowerLimit>0</TSAEJLowerLimit>
		<TSAEJUpperLimit>0</TSAEJUpperLimit>
		<TSAEJAlpha>0.5</TSAEJAlpha>
		<Age2Prop>1</Age2Prop>
		<Age2PropLowerLimit>1</Age2PropLowerLimit>
		<Age2PropUpperLimit>1</Age2PropUpperLimit>
		<Age3Prop>1</Age3Prop>
		<Age3PropLowerLimit>1</Age3PropLowerLimit>
		<Age3PropUpperLimit>1</Age3PropUpperLimit>
		<Age4Prop>1</Age4Prop>
		<Age4PropLowerLimit>1</Age4PropLowerLimit>
		<Age4PropUpperLimit>1</Age4PropUpperLimit>
		<Age5Prop>1</Age5Prop>
		<Age5PropLowerLimit>1</Age5PropLowerLimit>
		<Age5PropUpperLimit>1</Age5PropUpperLimit>
		<Age6Prop>1</Age6Prop>
		<Age6PropLowerLimit>1</Age6PropLowerLimit>
		<Age6PropUpperLimit>1</Age6PropUpperLimit>
		<Age7Prop>1</Age7Prop>
		<Age7PropLowerLimit>1</Age7PropLowerLimit>
		<Age7PropUpperLimit>1</Age7PropUpperLimit>
		<Age8Prop>1</Age8Prop>
		<Age8PropLowerLimit>1</Age8PropLowerLimit>
		<Age8PropUpperLimit>1</Age8PropUpperLimit>
		<Age9Prop>1</Age9Prop>
		<Age9PropLowerLimit>1</Age9PropLowerLimit>
		<Age9PropUpperLimit>1</Age9PropUpperLimit>
		<Age10Prop>1</Age10Prop>
		<Age10PropLowerLimit>1</Age10PropLowerLimit>
		<Age10PropUpperLimit>1</Age10PropUpperLimit>
		<Age11PlusProp>1</Age11PlusProp>
		<Age11PlusPropLowerLimit>1</Age11PlusPropLowerLimit>
		<Age11PlusPropUpperLimit>1</Age11PlusPropUpperLimit>
		<AgePropAlpha>0.5</AgePropAlpha>
		<ProtMethName>string</ProtMethName>
		<ProtMethURL>string</ProtMethURL>
		<ProtMethDocumentation>string</ProtMethDocumentation>
		<MethodAdjustments>string</MethodAdjustments>
		<OtherDataSources>string</OtherDataSources>
		<Comments>string</Comments>
		<NullRecord>Yes</NullRecord>
		<DataStatus>Final</DataStatus>
		<IndicatorLocation>string</IndicatorLocation>
		<MetricLocation>string</MetricLocation>
		<MeasureLocation>string</MeasureLocation>
		<ContactPersonFirst>string</ContactPersonFirst>
		<ContactPersonLast>string</ContactPersonLast>
		<ContactPhone>string</ContactPhone>
		<ContactEmail>string</ContactEmail>
		<MetaComments>string</MetaComments>
		<SubmitAgency>string</SubmitAgency>
		<RefID>0</RefID>
		<UpdDate>2014-01-01T00:00:00</UpdDate>
		<DataEntry>string</DataEntry>
		<DataEntryNotes>string</DataEntryNotes>
		<CompilerRecordID>string</CompilerRecordID>
		<Publish>No</Publish>
	</NOSARecord>
	<NOSARecord>
		<ID>00000000-0000-0000-0000-000000000000</ID>
		<TimeSeriesID>0</TimeSeriesID>
		<CommonName>string</CommonName>
		<Run>string</Run>
		<RecoveryDomain>Southern Oregon/Northern California Coast</RecoveryDomain>
		<ESU_DPS>string</ESU_DPS>
		<MajorPopGroup>string</MajorPopGroup>
		<PopID>65535</PopID>
		<CommonPopName>string</CommonPopName>
		<PopFit>Multiple</PopFit>
		<PopFitNotes>string</PopFitNotes>
		<EstimateType>Escapement</EstimateType>
		<WaterBody>string</WaterBody>
		<EscapementLong>-1E4</EscapementLong>
		<EscapementLat>-1E4</EscapementLat>
		<SpawningYear>2050</SpawningYear>
		<EscapementTiming>string</EscapementTiming>
		<ContactAgency>Washington Department of Fish and Wildlife</ContactAgency>
		<MethodNumber>255</MethodNumber>
		<BestValue>Not specified</BestValue>
		<NOSAIJ>0</NOSAIJ>
		<NOSAIJLowerLimit>0</NOSAIJLowerLimit>
		<NOSAIJUpperLimit>0</NOSAIJUpperLimit>
		<NOSAIJAlpha>0.5</NOSAIJAlpha>
		<NOSAEJ>0</NOSAEJ>
		<NOSAEJLowerLimit>0</NOSAEJLowerLimit>
		<NOSAEJUpperLimit>0</NOSAEJUpperLimit>
		<NOSAEJAlpha>0.5</NOSAEJAlpha>
		<NOBroodStockRemoved>0</NOBroodStockRemoved>
		<pHOSij>1</pHOSij>
		<pHOSijLowerLimit>1</pHOSijLowerLimit>
		<pHOSijUpperLimit>1</pHOSijUpperLimit>
		<pHOSijAlpha>0.5</pHOSijAlpha>
		<pHOSej>1</pHOSej>
		<pHOSejLowerLimit>1</pHOSejLowerLimit>
		<pHOSejUpperLimit>1</pHOSejUpperLimit>
		<pHOSejAlpha>0.5</pHOSejAlpha>
		<NOSJF>1</NOSJF>
		<NOSJFLowerLimit>1</NOSJFLowerLimit>
		<NOSJFUpperLimit>1</NOSJFUpperLimit>
		<NOSJFAlpha>0.5</NOSJFAlpha>
		<HOSJF>1</HOSJF>
		<TSAIJ>0</TSAIJ>
		<TSAIJLowerLimit>0</TSAIJLowerLimit>
		<TSAIJUpperLimit>0</TSAIJUpperLimit>
		<TSAIJAlpha>0.5</TSAIJAlpha>
		<TSAEJ>0</TSAEJ>
		<TSAEJLowerLimit>0</TSAEJLowerLimit>
		<TSAEJUpperLimit>0</TSAEJUpperLimit>
		<TSAEJAlpha>0.5</TSAEJAlpha>
		<Age2Prop>1</Age2Prop>
		<Age2PropLowerLimit>1</Age2PropLowerLimit>
		<Age2PropUpperLimit>1</Age2PropUpperLimit>
		<Age3Prop>1</Age3Prop>
		<Age3PropLowerLimit>1</Age3PropLowerLimit>
		<Age3PropUpperLimit>1</Age3PropUpperLimit>
		<Age4Prop>1</Age4Prop>
		<Age4PropLowerLimit>1</Age4PropLowerLimit>
		<Age4PropUpperLimit>1</Age4PropUpperLimit>
		<Age5Prop>1</Age5Prop>
		<Age5PropLowerLimit>1</Age5PropLowerLimit>
		<Age5PropUpperLimit>1</Age5PropUpperLimit>
		<Age6Prop>1</Age6Prop>
		<Age6PropLowerLimit>1</Age6PropLowerLimit>
		<Age6PropUpperLimit>1</Age6PropUpperLimit>
		<Age7Prop>1</Age7Prop>
		<Age7PropLowerLimit>1</Age7PropLowerLimit>
		<Age7PropUpperLimit>1</Age7PropUpperLimit>
		<Age8Prop>1</Age8Prop>
		<Age8PropLowerLimit>1</Age8PropLowerLimit>
		<Age8PropUpperLimit>1</Age8PropUpperLimit>
		<Age9Prop>1</Age9Prop>
		<Age9PropLowerLimit>1</Age9PropLowerLimit>
		<Age9PropUpperLimit>1</Age9PropUpperLimit>
		<Age10Prop>1</Age10Prop>
		<Age10PropLowerLimit>1</Age10PropLowerLimit>
		<Age10PropUpperLimit>1</Age10PropUpperLimit>
		<Age11PlusProp>1</Age11PlusProp>
		<Age11PlusPropLowerLimit>1</Age11PlusPropLowerLimit>
		<Age11PlusPropUpperLimit>1</Age11PlusPropUpperLimit>
		<AgePropAlpha>0.5</AgePropAlpha>
		<ProtMethName>string</ProtMethName>
		<ProtMethURL>string</ProtMethURL>
		<ProtMethDocumentation>string</ProtMethDocumentation>
		<MethodAdjustments>string</MethodAdjustments>
		<OtherDataSources>string</OtherDataSources>
		<Comments>string</Comments>
		<NullRecord>Yes</NullRecord>
		<DataStatus>Final</DataStatus>
		<IndicatorLocation>string</IndicatorLocation>
		<MetricLocation>string</MetricLocation>
		<MeasureLocation>string</MeasureLocation>
		<ContactPersonFirst>string</ContactPersonFirst>
		<ContactPersonLast>string</ContactPersonLast>
		<ContactPhone>string</ContactPhone>
		<ContactEmail>string</ContactEmail>
		<MetaComments>string</MetaComments>
		<SubmitAgency>string</SubmitAgency>
		<RefID>0</RefID>
		<UpdDate>2014-01-01T00:00:00</UpdDate>
		<DataEntry>string</DataEntry>
		<DataEntryNotes>string</DataEntryNotes>
		<CompilerRecordID>string</CompilerRecordID>
		<Publish>No</Publish>
	</NOSARecord>
</NOSATable>