<?xml version="1.0"?>
<RperSTable xmlns="http://www.exchangenetwork.net/schema/CAX/2" xmlns:xsi="http://www.w3.org/2001/XMLSchema-instance" xsi:schemaLocation="http://www.exchangenetwork.net/schema/CAX/2 file:///c:/Files/Working/HCAX%20XML%20Schema/2024%20HCAX/0/RperSTable.xsd">
	<RperSRecord>
		<ID>00000000-0000-0000-0000-000000000000</ID>
		<TimeSeriesID>0</TimeSeriesID>
		<CommonName>string</CommonName>
		<Run>string</Run>
		<RecoveryDomain>Southern Oregon/Northern California Coast</RecoveryDomain>
		<ESU_DPS>string</ESU_DPS>
		<MajorPopGroup>string</MajorPopGroup>
		<PopID>65535</PopID>
		<CommonPopName>string</CommonPopName>
		<PopFit>Multiple</PopFit>
		<PopFitNotes>string</PopFitNotes>
		<SpawnerLocation>stringxxxx</SpawnerLocation>
		<RecruitLocation>stringxxxx</RecruitLocation>
		<RecruitDef>string</RecruitDef>
		<RperStype>Smolts per female spawners</RperStype>
		<BroodYear>2050</BroodYear>
		<ContactAgency>Washington Department of Fish and Wildlife</ContactAgency>
		<MethodNumber>255</MethodNumber>
		<BestValue>Not specified</BestValue>
		<RperS>100</RperS>
		<RperSLowerLimit>100</RperSLowerLimit>
		<RperSUpperLimit>100</RperSUpperLimit>
		<RperSAlpha>0.5</RperSAlpha>
		<TotalSpawners>0</TotalSpawners>
		<TotalSpawnersLowerLimit>0</TotalSpawnersLowerLimit>
		<TotalSpawnersUpperLimit>0</TotalSpawnersUpperLimit>
		<TotalSpawnersAlpha>0.5</TotalSpawnersAlpha>
		<HatcherySpawners>0</HatcherySpawners>
		<HatcherySpawnersLowerLimit>0</HatcherySpawnersLowerLimit>
		<HatcherySpawnersUpperLimit>0</HatcherySpawnersUpperLimit>
		<HatcherySpawnersAlpha>0.5</HatcherySpawnersAlpha>
		<Recruits>0</Recruits>
		<RecruitsLowerLimit>0</RecruitsLowerLimit>
		<RecruitsUpperLimit>0</RecruitsUpperLimit>
		<RecruitsAlpha>0.5</RecruitsAlpha>
		<RecruitsMissing>Yes</RecruitsMissing>
		<RecruitsMissingExplanation>string</RecruitsMissingExplanation>
		<HarvestAdj>Not adjusted</HarvestAdj>
		<OceanHarvest>0</OceanHarvest>
		<MainstemHarvest>0</MainstemHarvest>
		<TribHarvest>0</TribHarvest>
		<NOBroodStockRemoved>0</NOBroodStockRemoved>
		<YOY>0</YOY>
		<Age1Juvs>0</Age1Juvs>
		<Age2Juvs>0</Age2Juvs>
		<Age3Juvs>0</Age3Juvs>
		<Age4PlusJuvs>0</Age4PlusJuvs>
		<Age2Adults>0</Age2Adults>
		<Age3Adults>0</Age3Adults>
		<Age4Adults>0</Age4Adults>
		<Age5Adults>0</Age5Adults>
		<Age6Adults>0</Age6Adults>
		<Age7Adults>0</Age7Adults>
		<Age8Adults>0</Age8Adults>
		<Age9Adults>0</Age9Adults>
		<Age10Adults>0</Age10Adults>
		<Age11PlusAdults>0</Age11PlusAdults>
		<ProtMethName>string</ProtMethName>
		<ProtMethURL>string</ProtMethURL>
		<ProtMethDocumentation>string</ProtMethDocumentation>
		<MethodAdjustments>string</MethodAdjustments>
		<OtherDataSources>string</OtherDataSources>
		<Comments>string</Comments>
		<NullRecord>Yes</NullRecord>
		<DataStatus>Final</DataStatus>
		<IndicatorLocation>string</IndicatorLocation>
		<MetricLocation>string</MetricLocation>
		<MeasureLocation>string</MeasureLocation>
		<ContactPersonFirst>string</ContactPersonFirst>
		<ContactPersonLast>string</ContactPersonLast>
		<ContactPhone>string</ContactPhone>
		<ContactEmail>string</ContactEmail>
		<MetaComments>string</MetaComments>
		<SubmitAgency>string</SubmitAgency>
		<RefID>0</RefID>
		<UpdDate>2014-01-01T00:00:00</UpdDate>
		<DataEntry>string</DataEntry>
		<DataEntryNotes>string</DataEntryNotes>
		<CompilerRecordID>string</CompilerRecordID>
		<Publish>No</Publish>
	</RperSRecord>
	<RperSRecord>
		<ID>00000000-0000-0000-0000-000000000000</ID>
		<TimeSeriesID>0</TimeSeriesID>
		<CommonName>string</CommonName>
		<Run>string</Run>
		<RecoveryDomain>Southern Oregon/Northern California Coast</RecoveryDomain>
		<ESU_DPS>string</ESU_DPS>
		<MajorPopGroup>string</MajorPopGroup>
		<PopID>65535</PopID>
		<CommonPopName>string</CommonPopName>
		<PopFit>Multiple</PopFit>
		<PopFitNotes>string</PopFitNotes>
		<SpawnerLocation>stringxxxx</SpawnerLocation>
		<RecruitLocation>stringxxxx</RecruitLocation>
		<RecruitDef>string</RecruitDef>
		<RperStype>Smolts per female spawners</RperStype>
		<BroodYear>2050</BroodYear>
		<ContactAgency>Washington Department of Fish and Wildlife</ContactAgency>
		<MethodNumber>255</MethodNumber>
		<BestValue>Not specified</BestValue>
		<RperS>100</RperS>
		<RperSLowerLimit>100</RperSLowerLimit>
		<RperSUpperLimit>100</RperSUpperLimit>
		<RperSAlpha>0.5</RperSAlpha>
		<TotalSpawners>0</TotalSpawners>
		<TotalSpawnersLowerLimit>0</TotalSpawnersLowerLimit>
		<TotalSpawnersUpperLimit>0</TotalSpawnersUpperLimit>
		<TotalSpawnersAlpha>0.5</TotalSpawnersAlpha>
		<HatcherySpawners>0</HatcherySpawners>
		<HatcherySpawnersLowerLimit>0</HatcherySpawnersLowerLimit>
		<HatcherySpawnersUpperLimit>0</HatcherySpawnersUpperLimit>
		<HatcherySpawnersAlpha>0.5</HatcherySpawnersAlpha>
		<Recruits>0</Recruits>
		<RecruitsLowerLimit>0</RecruitsLowerLimit>
		<RecruitsUpperLimit>0</RecruitsUpperLimit>
		<RecruitsAlpha>0.5</RecruitsAlpha>
		<RecruitsMissing>Yes</RecruitsMissing>
		<RecruitsMissingExplanation>string</RecruitsMissingExplanation>
		<HarvestAdj>Not adjusted</HarvestAdj>
		<OceanHarvest>0</OceanHarvest>
		<MainstemHarvest>0</MainstemHarvest>
		<TribHarvest>0</TribHarvest>
		<NOBroodStockRemoved>0</NOBroodStockRemoved>
		<YOY>0</YOY>
		<Age1Juvs>0</Age1Juvs>
		<Age2Juvs>0</Age2Juvs>
		<Age3Juvs>0</Age3Juvs>
		<Age4PlusJuvs>0</Age4PlusJuvs>
		<Age2Adults>0</Age2Adults>
		<Age3Adults>0</Age3Adults>
		<Age4Adults>0</Age4Adults>
		<Age5Adults>0</Age5Adults>
		<Age6Adults>0</Age6Adults>
		<Age7Adults>0</Age7Adults>
		<Age8Adults>0</Age8Adults>
		<Age9Adults>0</Age9Adults>
		<Age10Adults>0</Age10Adults>
		<Age11PlusAdults>0</Age11PlusAdults>
		<ProtMethName>string</ProtMethName>
		<ProtMethURL>string</ProtMethURL>
		<ProtMethDocumentation>string</ProtMethDocumentation>
		<MethodAdjustments>string</MethodAdjustments>
		<OtherDataSources>string</OtherDataSources>
		<Comments>string</Comments>
		<NullRecord>Yes</NullRecord>
		<DataStatus>Final</DataStatus>
		<IndicatorLocation>string</IndicatorLocation>
		<MetricLocation>string</MetricLocation>
		<MeasureLocation>string</MeasureLocation>
		<ContactPersonFirst>string</ContactPersonFirst>
		<ContactPersonLast>string</ContactPersonLast>
		<ContactPhone>string</ContactPhone>
		<ContactEmail>string</ContactEmail>
		<MetaComments>string</MetaComments>
		<SubmitAgency>string</SubmitAgency>
		<RefID>0</RefID>
		<UpdDate>2014-01-01T00:00:00</UpdDate>
		<DataEntry>string</DataEntry>
		<DataEntryNotes>string</DataEntryNotes>
		<CompilerRecordID>string</CompilerRecordID>
		<Publish>No</Publish>
	</RperSRecord>
</RperSTable>